-- phpMyAdmin SQL Dump
-- version 5.2.1
-- https://www.phpmyadmin.net/
--
-- Host: 127.0.0.1
-- Generation Time: Aug 09, 2024 at 05:56 PM
-- Server version: 10.4.32-MariaDB
-- PHP Version: 8.2.12

SET SQL_MODE = "NO_AUTO_VALUE_ON_ZERO";
START TRANSACTION;
SET time_zone = "+00:00";


/*!40101 SET @OLD_CHARACTER_SET_CLIENT=@@CHARACTER_SET_CLIENT */;
/*!40101 SET @OLD_CHARACTER_SET_RESULTS=@@CHARACTER_SET_RESULTS */;
/*!40101 SET @OLD_COLLATION_CONNECTION=@@COLLATION_CONNECTION */;
/*!40101 SET NAMES utf8mb4 */;

--
-- Database: `job`
--

-- --------------------------------------------------------

--
-- Table structure for table `admin`
--

CREATE TABLE `admin` (
  `id_admin` int(11) NOT NULL,
  `username` varchar(255) NOT NULL,
  `password` varchar(255) NOT NULL
) ENGINE=InnoDB DEFAULT CHARSET=latin1 COLLATE=latin1_swedish_ci;

--
-- Dumping data for table `admin`
--

INSERT INTO `admin` (`id_admin`, `username`, `password`) VALUES
(1, 'admin', 'MTQ5YmZjZmYwNmRlMTg2YmJmZmRhNDMyNDQ1MzllZDQ=');

-- --------------------------------------------------------

--
-- Table structure for table `apply_job_post`
--

CREATE TABLE `apply_job_post` (
  `id_apply` int(11) NOT NULL,
  `id_jobpost` int(11) NOT NULL,
  `id_company` int(11) NOT NULL,
  `id_user` int(11) NOT NULL,
  `status` enum('pending','selected','rejected') DEFAULT 'pending',
  `apply_date` datetime DEFAULT current_timestamp()
) ENGINE=InnoDB DEFAULT CHARSET=latin1 COLLATE=latin1_swedish_ci;

--
-- Dumping data for table `apply_job_post`
--

INSERT INTO `apply_job_post` (`id_apply`, `id_jobpost`, `id_company`, `id_user`, `status`, `apply_date`) VALUES
(43, 153, 122, 140, 'selected', '2024-06-10 20:54:34'),
(44, 154, 122, 144, 'selected', '2024-06-28 21:13:55'),
(45, 165, 125, 146, 'selected', '2024-07-04 19:40:43'),
(46, 170, 128, 141, 'selected', '2024-07-07 14:30:06'),
(47, 161, 126, 147, 'selected', '2024-07-10 14:34:53'),
(48, 159, 124, 148, 'selected', '2024-07-10 20:39:52'),
(49, 167, 128, 142, 'selected', '2024-07-12 18:13:07'),
(50, 177, 122, 149, 'pending', '2024-07-23 18:57:33'),
(51, 168, 128, 145, 'pending', '2024-07-23 19:05:24'),
(52, 178, 126, 143, 'pending', '2024-07-30 19:08:18'),
(54, 171, 122, 151, 'selected', '2024-08-08 20:05:40'),
(55, 180, 122, 151, 'pending', '2024-08-08 20:08:22'),
(56, 179, 122, 151, 'rejected', '2024-08-08 20:10:02'),
(59, 185, 126, 151, 'pending', '2024-08-09 21:12:29'),
(60, 157, 122, 149, 'pending', '2024-08-09 21:22:58');

-- --------------------------------------------------------

--
-- Table structure for table `cities`
--

CREATE TABLE `cities` (
  `id` int(11) NOT NULL,
  `name` varchar(30) NOT NULL
) ENGINE=InnoDB DEFAULT CHARSET=latin1 COLLATE=latin1_swedish_ci;

--
-- Dumping data for table `cities`
--

INSERT INTO `cities` (`id`, `name`) VALUES
(1, 'Akkaraipattu'),
(2, 'Akurana'),
(3, 'Akuressa'),
(4, 'Alaveddy'),
(5, 'Alawwa'),
(6, 'Ambalangoda'),
(7, 'Ambalantota'),
(8, 'Ampara'),
(9, 'Anuradhapura'),
(10, 'Avissawella'),
(11, 'Badulla'),
(12, 'Balangoda'),
(13, 'Bandarawela'),
(14, 'Batticaloa'),
(15, 'Beruwala'),
(16, 'Boralesgamuwa'),
(17, 'Chavakachcheri'),
(18, 'Chilaw'),
(19, 'Colombo'),
(20, 'Dambadeniya'),
(21, 'Dambulla'),
(22, 'Dehiwala'),
(23, 'Deniyaya'),
(24, 'Dikwella'),
(25, 'Divulapitiya'),
(26, 'Ella'),
(27, 'Elpitiya'),
(28, 'Embilipitiya'),
(29, 'Eravur'),
(30, 'Galewela'),
(31, 'Galle'),
(32, 'Gampaha'),
(33, 'Gampola'),
(34, 'Hambantota'),
(35, 'Hatton'),
(36, 'Hikkaduwa'),
(37, 'Hingurakgoda'),
(38, 'Horana'),
(39, 'Ingiriya'),
(40, 'Ja-Ela'),
(41, 'Jaffna'),
(42, 'Kadugannawa'),
(43, 'Kaduwela'),
(44, 'Kalawana'),
(45, 'Kalmunai'),
(46, 'Kalutara'),
(47, 'Kandy'),
(48, 'Kegalle'),
(49, 'Kekirawa'),
(50, 'Kelaniya'),
(51, 'Kilinochchi'),
(52, 'Kolonnawa'),
(53, 'Kuliyapitiya'),
(54, 'Kurunegala'),
(55, 'Maharagama'),
(56, 'Mannar'),
(57, 'Matale'),
(58, 'Matara'),
(59, 'Medawachchiya'),
(60, 'Minuwangoda'),
(61, 'Monaragala'),
(62, 'Moratuwa'),
(63, 'Mount Lavinia'),
(64, 'Mullaitivu'),
(65, 'Nawalapitiya'),
(66, 'Negombo'),
(67, 'Nelliady'),
(68, 'Nugegoda'),
(69, 'Nuwara Eliya'),
(70, 'Panadura'),
(71, 'Peliyagoda'),
(72, 'Piliyandala'),
(73, 'Point Pedro'),
(74, 'Polonnaruwa'),
(75, 'Pottuvil'),
(76, 'Puttalam'),
(77, 'Ratnapura'),
(78, 'Seeduwa'),
(79, 'Sigiriya'),
(80, 'Sri Jayawardenepura Kotte'),
(81, 'Tangalle'),
(82, 'Trincomalee'),
(83, 'Valvettithurai'),
(84, 'Vavuniya'),
(85, 'Wadduwa'),
(86, 'Wattala'),
(87, 'Weligama'),
(88, 'Wellawaya'),
(89, 'Wennappuwa');

-- --------------------------------------------------------

--
-- Table structure for table `company`
--

CREATE TABLE `company` (
  `id_company` int(11) NOT NULL,
  `name` varchar(255) NOT NULL,
  `companyname` varchar(255) NOT NULL,
  `city` varchar(255) NOT NULL,
  `address` varchar(255) NOT NULL,
  `contactno` varchar(255) NOT NULL,
  `website` varchar(255) NOT NULL,
  `email` varchar(255) NOT NULL,
  `password` varchar(255) NOT NULL,
  `aboutme` varchar(255) DEFAULT NULL,
  `logo` varchar(255) NOT NULL,
  `createdAt` timestamp NOT NULL DEFAULT current_timestamp(),
  `active` enum('pending','approved','rejected','deactivated') NOT NULL DEFAULT 'pending',
  `hash` varchar(255) DEFAULT NULL
) ENGINE=InnoDB DEFAULT CHARSET=latin1 COLLATE=latin1_swedish_ci;

--
-- Dumping data for table `company`
--

INSERT INTO `company` (`id_company`, `name`, `companyname`, `city`, `address`, `contactno`, `website`, `email`, `password`, `aboutme`, `logo`, `createdAt`, `active`, `hash`) VALUES
(122, 'Arjuna Perera', 'Tech Solutions Pvt Ltd', 'Colombo', '123 Innovation Drive.\r\n\r\nColombo- 02, Sri Lanka', '0112345678', 'techsolutions.lk', 'contact@techsolutions.lk', 'NTExMWMzZjk4ZTQxZTlmMWRjYjQ4Y2VkN2U1MGZiMjU=', 'Tech Solutions is a leading software development company in Sri Lanka.', '66af9ce39716c.png', '2024-06-10 13:17:05', 'approved', NULL),
(123, 'Amal Jayakodi', 'Sri Enterprise', 'Kalutara', '', '0342229804', '', 'info@srienterprise.lk', 'OGFmZWVkMjFhNjMxMTY4MjY2ZGM3M2Y3YzA5MjNlMDA=', NULL, '66b070f88141d.jpeg', '2024-06-12 06:28:08', 'rejected', NULL),
(124, 'Kumara Silva', 'Lanka Foods Pvt Ltd', 'Galle', 'No. 123, Main Street,\r\nGalle', '0913344556', 'lankafoods.lk', 'support@lankafoods.lk', 'YTM4ZjllM2NhZmIxODUyZGVlOGU1ZDY3MWEyNDZhOTQ=', 'Lanka Foods specializes in the production and distribution of organic food products.', '66b26e76c85cc.jpeg', '2024-06-12 06:39:16', 'approved', NULL),
(125, 'Sanduni Wijesinghe', 'Ceylon Textiles', 'Jaffna', 'No. 456, Kandy Road,\r\nJaffna', '0214455667', 'ceylontextiles.lk', 'sales@ceylontextiles.lk', 'NTliZmY2MTAxNjlmMmIxZjEyNDRjOTNlNmNlOWQ5MmM=', 'Ceylon Textiles is a reputed manufacturer of high-quality fabrics and textiles.', '66b26db175480.jpeg', '2024-06-15 06:43:48', 'approved', NULL),
(126, 'Rohan Abeysekera', 'Sapphire Technologies', 'Matara', 'No. 789, Beach Road,\r\nMatara ', '0415566778', 'sapphiretech.lk', 'contact@sapphiretech.lk', 'ZGVmMzY0NTdlZTY1NjI5ZjgyYmUzOTEwMWQ1NDNlOWU=', 'Sapphire Technologies is at the forefront of technological innovation in Sri Lanka.', '66b075708e1f9.png', '2024-06-20 06:47:12', 'approved', NULL),
(127, 'Anushka Fernando', 'Green Energy Solutions', 'Negombo', '123 Sea Breeze Avenue, Negombo', '0316677889', '', 'info@greenenergy.lk', 'MDE4ZDE4Y2JjNDRlNTMxNWU0YmZmMmVjMDA3ZmE4YTM=', 'We are committed to providing sustainable and renewable energy solutions.', '66b26ecba4685.jpeg', '2024-07-01 07:15:52', 'approved', NULL),
(128, 'Nimal Jayawardena', ' Innovative Enterprises', 'Kandy', '456 Willow Road, Kandy', '0812233445', 'innovative.lk', 'info@innovative.lk', 'OWVjMzFhZjRlODgyMzBhMzIyZjhmMDdlNDI5NTBiMDg=', 'We provide innovative business solutions for a digital world.', '66b07ce011dd3.jpeg', '2024-07-05 07:18:56', 'approved', NULL),
(129, ' Tharindu Senanayake', 'Digital Innovators Ltd', 'Colombo', '', '0119876543', 'digitalinnovators.lk', 'info@digitalinnovators.lk', 'ZmZmYzk5MDA1YTkwZjYyYTIzYmQ3YzdiYzY0YjVmYjQ=', NULL, '66b26a137b9ff.jpeg', '2024-07-28 18:23:15', 'pending', NULL),
(130, 'Mihiri Dissanayake', 'Paradise Travels', 'Colombo', '', '0111234567', 'paradisetravels.lk', 'info@paradisetravels.lk', 'ZDBjZGQ2OTY3ODIxMDE4NjdkNWQ0NjY5NTVmMTc5NzI=', NULL, '66b504e3b3756.jpeg', '2024-08-01 17:48:19', 'pending', NULL);

-- --------------------------------------------------------

--
-- Table structure for table `feedback`
--

CREATE TABLE `feedback` (
  `id` int(11) NOT NULL,
  `user_id` int(11) DEFAULT NULL,
  `user_type` enum('job_seeker','employer') NOT NULL,
  `feedback` text DEFAULT NULL,
  `created_at` timestamp NOT NULL DEFAULT current_timestamp()
) ENGINE=InnoDB DEFAULT CHARSET=utf8mb4 COLLATE=utf8mb4_general_ci;

--
-- Dumping data for table `feedback`
--

INSERT INTO `feedback` (`id`, `user_id`, `user_type`, `feedback`, `created_at`) VALUES
(8, 122, 'employer', 'The candidate profiles are very detailed and help in finding the right match. Great job!', '2024-06-10 17:11:59'),
(9, 124, 'employer', 'The process for posting jobs is straightforward, but it could use more customization options.', '2024-06-15 17:14:21'),
(10, 142, 'job_seeker', 'I encountered a bug where the job search filters are not applying correctly. It shows results for all categories even when a specific filter is selected. Please fix this issue.', '2024-06-25 17:21:57'),
(11, 144, 'job_seeker', 'The job portal is very user-friendly and easy to navigate. I found a job quickly!', '2024-07-10 17:23:33'),
(12, 126, 'employer', 'The platform has made the hiring process much more efficient. The candidate search and application review features are very effective. Thank you!', '2024-07-12 17:24:36');

-- --------------------------------------------------------

--
-- Table structure for table `job_post`
--

CREATE TABLE `job_post` (
  `id_jobpost` int(11) NOT NULL,
  `id_company` int(11) NOT NULL,
  `jobtitle` varchar(255) NOT NULL,
  `description` text NOT NULL,
  `minimumsalary` varchar(255) NOT NULL,
  `maximumsalary` varchar(255) NOT NULL,
  `experience` varchar(255) NOT NULL,
  `createdat` timestamp NOT NULL DEFAULT current_timestamp(),
  `maxage` decimal(2,0) DEFAULT NULL,
  `job_type` varchar(50) DEFAULT NULL,
  `location` varchar(50) DEFAULT NULL,
  `category` varchar(50) DEFAULT NULL,
  `deadline` date DEFAULT NULL
) ENGINE=InnoDB DEFAULT CHARSET=latin1 COLLATE=latin1_swedish_ci;

--
-- Dumping data for table `job_post`
--

INSERT INTO `job_post` (`id_jobpost`, `id_company`, `jobtitle`, `description`, `minimumsalary`, `maximumsalary`, `experience`, `createdat`, `maxage`, `job_type`, `location`, `category`, `deadline`) VALUES
(153, 122, 'Software Developer', '<p><strong>Job Description:</strong> As a Software Developer at Tech Solutions Pvt. Ltd., you will be responsible for developing and maintaining software applications. You will play a key role in creating reliable and efficient software solutions that meet our clients\' needs.</p>\r\n<p><strong>Key Responsibilities:</strong></p>\r\n<ul>\r\n<li>\r\n<p><strong>Coding, Debugging, and Testing Software:</strong> Write, debug, and test code to develop software applications. Ensure that the software performs as expected and is free from defects.</p>\r\n</li>\r\n<li>\r\n<p><strong>Collaborating with the Team:</strong> Work closely with other developers, designers, and stakeholders to deliver high-quality software. Participate in team meetings and contribute to project planning and execution.</p>\r\n</li>\r\n<li>\r\n<p><strong>Troubleshooting Issues:</strong> Identify and resolve software issues and bugs. Provide support and solutions to ensure smooth operation and performance of applications.</p>\r\n</li>\r\n</ul>\r\n<p><strong>Qualifications:</strong></p>\r\n<ul>\r\n<li>Bachelor&rsquo;s degree in Computer Science, Software Engineering, or a related field.</li>\r\n</ul>\r\n<p><strong>Preferred Skills:</strong></p>\r\n<ul>\r\n<li>Proficiency in programming languages such as Java, Python, or C++.</li>\r\n<li>Experience with software development frameworks and tools.</li>\r\n</ul>\r\n<p><strong>Benefits:</strong></p>\r\n<ul>\r\n<li><strong>Health Insurance:</strong> Comprehensive health insurance coverage to support your well-being.</li>\r\n<li><strong>Flexible Working Hours:</strong> Enjoy flexible working hours to accommodate your personal and professional needs.</li>\r\n<li><strong>Professional Development Opportunities:</strong> Access to training and development programs to enhance your skills and advance your career.</li>\r\n</ul>\r\n<p>Join Tech Solutions Pvt. Ltd. and contribute to innovative software solutions while enjoying a supportive work environment and opportunities for growth!</p>', '100000', '150000', '2', '2024-06-10 05:11:09', 35, 'Full Time', 'Colombo', 'Information Technology', '2024-07-15'),
(154, 122, 'UI/UX Designer', '<p><strong>Job Description:</strong> As a UI/UX Designer at Tech Solutions Pvt. Ltd., you will be responsible for designing user interfaces and experiences for our web and mobile applications. Your role will focus on creating intuitive and engaging designs that enhance user satisfaction and usability.</p>\r\n<p><strong>Key Responsibilities:</strong></p>\r\n<ul>\r\n<li>\r\n<p><strong>Creating Wireframes, Prototypes, and Design Specifications:</strong> Develop wireframes and prototypes to visualize design concepts and user flows. Create detailed design specifications to guide the development team in implementing your designs.</p>\r\n</li>\r\n<li>\r\n<p><strong>Collaborating with Developers:</strong> Work closely with developers to ensure that your designs are implemented accurately and meet functional requirements. Provide design support and adjustments as needed throughout the development process.</p>\r\n</li>\r\n</ul>\r\n<p><strong>Qualifications:</strong></p>\r\n<ul>\r\n<li>Degree in Design, Graphic Design, Human-Computer Interaction, or a related field.</li>\r\n</ul>\r\n<p><strong>Preferred Skills:</strong></p>\r\n<ul>\r\n<li>Experience with design tools such as Adobe XD, Figma, or Sketch is highly desirable.</li>\r\n<li>Strong portfolio demonstrating design expertise and experience with UI/UX projects.</li>\r\n</ul>\r\n<p><strong>Benefits:</strong></p>\r\n<ul>\r\n<li><strong>Health Insurance:</strong> Comprehensive health insurance coverage to support your well-being.</li>\r\n<li><strong>Remote Work Option:</strong> Flexibility to work remotely, offering a better work-life balance.</li>\r\n<li><strong>Annual Bonuses:</strong> Performance-based bonuses to reward your contributions and achievements.</li>\r\n</ul>\r\n<p>Join Tech Solutions Pvt. Ltd. and be part of a creative team dedicated to delivering exceptional user experiences through innovative design!</p>', '80000', '120000', '1', '2024-06-10 05:45:25', 30, 'Full Time', 'Colombo', 'Arts, Design, & Media', '2024-07-01'),
(155, 124, 'Production Manager', '<p><strong>Description:</strong> As a Production Manager at Lanka Foods Pvt Ltd, you will oversee the production processes to ensure that our food products are produced efficiently and meet the highest quality standards. You will manage production schedules, supervise staff, and maintain rigorous quality control throughout the production cycle.</p>\r\n<p><strong>Key Responsibilities:</strong></p>\r\n<ul>\r\n<li>Manage and coordinate production schedules to meet demand and maintain efficient workflow.</li>\r\n<li>Supervise and lead production staff, providing guidance and support to ensure productivity and adherence to standards.</li>\r\n<li>Implement and maintain quality control procedures to ensure that products meet company and regulatory standards.</li>\r\n<li>Monitor production processes and address any issues that arise to minimize downtime and ensure consistent product quality.</li>\r\n<li>Collaborate with other departments to streamline production processes and improve efficiency.</li>\r\n<li>Ensure compliance with health and safety regulations within the production environment.</li>\r\n</ul>\r\n<p><strong>Qualifications:</strong></p>\r\n<ul>\r\n<li>Degree in Food Science or a related field.</li>\r\n</ul>\r\n<p><strong>Preferred Skills:</strong></p>\r\n<ul>\r\n<li>Proven experience in food production management.</li>\r\n<li>Strong leadership and team management skills.</li>\r\n<li>Excellent problem-solving abilities and attention to detail.</li>\r\n<li>Ability to work in a fast-paced environment and handle multiple tasks.</li>\r\n</ul>\r\n<p><strong>Benefits:</strong></p>\r\n<ul>\r\n<li>Health insurance coverage.</li>\r\n<li>Performance-based bonuses.</li>\r\n<li>Opportunities for career growth and advancement.</li>\r\n</ul>\r\n<p>Join Lanka Foods Pvt Ltd and lead our production team to deliver high-quality food products consistently!</p>', '110000', '150000', '3', '2024-06-12 07:39:04', 40, 'Full Time', 'Galle', 'Manufacturing & Production', '2024-08-25'),
(156, 124, 'Quality Assurance Specialist', '<p><strong>Description:</strong> As a Quality Assurance Specialist at Lanka Foods Pvt Ltd, you will be responsible for ensuring that our food products meet the highest safety and quality standards. Your role will involve conducting inspections, testing products, and maintaining comprehensive documentation to support our commitment to product excellence.</p>\r\n<p><strong>Key Responsibilities:</strong></p>\r\n<ul>\r\n<li>Conduct inspections of food products and production processes to ensure compliance with safety and quality standards.</li>\r\n<li>Test products for quality and safety, including microbiological and chemical analysis.</li>\r\n<li>Maintain detailed and accurate documentation related to inspections, testing, and quality control procedures.</li>\r\n<li>Collaborate with production teams to identify and resolve quality issues.</li>\r\n<li>Stay updated with industry regulations and best practices in food safety and quality.</li>\r\n</ul>\r\n<p><strong>Qualifications:</strong></p>\r\n<ul>\r\n<li>Degree in Food Technology or a related field.</li>\r\n</ul>\r\n<p><strong>Preferred Skills:</strong></p>\r\n<ul>\r\n<li>Experience with quality control processes and methodologies.</li>\r\n<li>Strong attention to detail and analytical skills.</li>\r\n<li>Knowledge of food safety regulations and standards.</li>\r\n<li>Ability to work independently and as part of a team.</li>\r\n</ul>\r\n<p><strong>Benefits:</strong></p>\r\n<ul>\r\n<li>Health insurance coverage.</li>\r\n<li>Opportunities for professional development and growth.</li>\r\n<li>Paid leave.</li>\r\n</ul>\r\n<p>Join Lanka Foods Pvt Ltd and play a vital role in ensuring the quality and safety of our food products!</p>', '80000', '100000', '2', '2024-06-12 07:51:31', 35, 'Full Time', 'Galle', 'Manufacturing & Production', '2024-08-30'),
(157, 122, 'QA Engineer', '<p><strong>Job Description:</strong> As an IT Support Intern at Tech Solutions Pvt. Ltd., your primary responsibility will be to test software applications to ensure their quality and performance. You will be integral to our IT team, helping to ensure that our software solutions are reliable and meet high standards.</p>\r\n<p><strong>Key Responsibilities:</strong></p>\r\n<ul>\r\n<li>\r\n<p><strong>Writing and Executing Test Cases:</strong> Develop and run test cases to verify that software applications function correctly and meet specified requirements. Your role will involve detailed testing to identify any issues or areas for improvement.</p>\r\n</li>\r\n<li>\r\n<p><strong>Reporting Bugs:</strong> Document and report any bugs or defects found during testing. Provide detailed information about the issues to assist the development team in addressing and fixing them efficiently.</p>\r\n</li>\r\n<li>\r\n<p><strong>Ensuring Software Meets Requirements:</strong> Validate that software applications meet the defined requirements and specifications. Ensure that all features and functionalities perform as intended and align with user needs.</p>\r\n</li>\r\n</ul>\r\n<p><strong>Qualifications:</strong></p>\r\n<ul>\r\n<li>Degree in Computer Science or a related field.</li>\r\n</ul>\r\n<p><strong>Preferred Skills:</strong></p>\r\n<ul>\r\n<li>Experience with automated testing tools is a plus, though not required.</li>\r\n</ul>\r\n<p><strong>Benefits:</strong></p>\r\n<ul>\r\n<li><strong>Health Insurance:</strong> Comprehensive health insurance coverage to support your well-being.</li>\r\n<li><strong>Career Growth Opportunities:</strong> Opportunities to advance your career within Tech Solutions Pvt. Ltd. and gain valuable industry experience.</li>\r\n<li><strong>Performance Bonuses:</strong> Earn bonuses based on your performance and contributions to the team.</li>\r\n</ul>\r\n<p>Join Tech Solutions Pvt. Ltd. and take a step toward a successful career in IT with hands-on experience and professional growth opportunities!</p>', '70000', '100000', '1', '2024-06-14 07:57:04', 32, 'Full Time', 'Colombo', 'Information Technology', '2024-09-01'),
(158, 125, 'Textile Designer', '<p><strong>Description:</strong> Design textile patterns and collections, contributing to the creative and production processes within the company. This role involves creating innovative designs, selecting appropriate materials, and collaborating with production teams to bring designs to life.</p>\r\n<p><strong>Key Responsibilities:</strong></p>\r\n<ul>\r\n<li>Create and develop unique textile patterns and collections.</li>\r\n<li>Select and recommend materials and fabrics suitable for designs.</li>\r\n<li>Work closely with production teams to ensure designs are feasible and can be effectively produced.</li>\r\n<li>Stay up-to-date with current trends and market demands in the textile industry.</li>\r\n<li>Prepare detailed design specifications and guidelines for production.</li>\r\n<li>Collaborate with other designers and departments to align design efforts with company goals.</li>\r\n<li>Present design concepts and collections to stakeholders and clients.</li>\r\n<li>Revise designs based on feedback and ensure final products meet quality standards.</li>\r\n</ul>\r\n<p><strong>Qualifications:</strong></p>\r\n<ul>\r\n<li>Degree in Textile Design or a related field.</li>\r\n<li>Strong portfolio showcasing a range of textile designs and patterns.</li>\r\n<li>Experience in creating textile designs, preferably in a commercial setting.</li>\r\n</ul>\r\n<p><strong>Preferred Skills:</strong></p>\r\n<ul>\r\n<li>Proficiency in design software (e.g., Adobe Photoshop, Illustrator, CAD software).</li>\r\n<li>High level of creativity and innovation in textile pattern design.</li>\r\n<li>Strong understanding of different fabrics and materials.</li>\r\n<li>Excellent attention to detail and ability to produce high-quality work.</li>\r\n<li>Effective communication and collaboration skills.</li>\r\n<li>Ability to manage multiple projects and meet deadlines.</li>\r\n</ul>\r\n<p><strong>Benefits:</strong></p>\r\n<ul>\r\n<li>Comprehensive health insurance.</li>\r\n<li>Design bonuses based on performance.</li>\r\n<li>Flexible work hours to promote work-life balance.</li>\r\n<li>Opportunities for professional growth and development.</li>\r\n<li>Access to the latest design tools and technology.</li>\r\n</ul>', '90000', '130000', '2', '2024-06-15 08:18:27', 35, 'Full Time', 'Jaffna', 'Arts, Design, & Media', '2024-08-28'),
(159, 124, 'Sales Executive', '<p><strong>Description:</strong> As a Sales Executive at Lanka Foods Pvt Ltd, you will be responsible for promoting and selling our food products to clients. You will play a crucial role in generating leads, meeting sales targets, and maintaining strong relationships with our clients.</p>\r\n<p><strong>Key Responsibilities:</strong></p>\r\n<ul>\r\n<li>Generate new leads and identify potential clients.</li>\r\n<li>Meet and exceed sales targets set by the company.</li>\r\n<li>Maintain and nurture client relationships to ensure customer satisfaction.</li>\r\n<li>Conduct market research to stay informed about industry trends and competitor activities.</li>\r\n<li>Prepare and deliver sales presentations to prospective clients.</li>\r\n<li>Negotiate contracts and close sales deals.</li>\r\n<li>Provide excellent customer service and support.</li>\r\n</ul>\r\n<p><strong>Qualifications:</strong></p>\r\n<ul>\r\n<li>Degree in Business or a related field.</li>\r\n</ul>\r\n<p><strong>Preferred Skills:</strong></p>\r\n<ul>\r\n<li>Strong sales skills with a proven track record.</li>\r\n<li>Experience in the food industry is highly preferred.</li>\r\n<li>Excellent communication and interpersonal skills.</li>\r\n<li>Ability to work independently and as part of a team.</li>\r\n<li>Strong organizational and time management skills.</li>\r\n</ul>\r\n<p><strong>Benefits:</strong></p>\r\n<ul>\r\n<li>Commission-based pay structure.</li>\r\n<li>Health insurance coverage.</li>\r\n<li>Company car provided for business use.</li>\r\n</ul>\r\n<p>Join Lanka Foods Pvt Ltd and become a key player in driving our sales and expanding our market presence!</p>', '60000', '90000', '1', '2024-06-16 08:27:36', 30, 'Full Time', 'Galle', 'Sales & Business Development', '2024-07-25'),
(160, 126, 'Cloud Solutions Architect', '<p><strong>Job Description:</strong><br />We are seeking a talented Cloud Infrastructure Engineer to design and implement cloud infrastructure solutions. In this role, you will be responsible for architecting cloud solutions, managing cloud services, and optimizing cloud performance to ensure our infrastructure is scalable, reliable, and cost-effective.</p>\r\n<p><strong>Key Responsibilities:</strong></p>\r\n<ul>\r\n<li><strong>Architect Cloud Solutions:</strong> Design robust cloud architectures that meet our business needs and scalability requirements.</li>\r\n<li><strong>Manage Cloud Services:</strong> Oversee the deployment, configuration, and maintenance of cloud services to ensure operational efficiency.</li>\r\n<li><strong>Optimize Cloud Performance:</strong> Continuously monitor and optimize cloud infrastructure performance, ensuring high availability and cost-efficiency.</li>\r\n</ul>\r\n<p><strong>Qualifications:</strong></p>\r\n<ul>\r\n<li>Bachelor&rsquo;s degree in Computer Science or a related field.</li>\r\n</ul>\r\n<p><strong>Preferred Skills:</strong></p>\r\n<ul>\r\n<li>Hands-on experience with AWS, Azure, or Google Cloud platforms.</li>\r\n<li>Strong understanding of cloud architecture principles and best practices.</li>\r\n</ul>\r\n<p><strong>Benefits:</strong></p>\r\n<ul>\r\n<li>Health insurance</li>\r\n<li>Stock options</li>\r\n<li>Remote work option</li>\r\n</ul>', '150000', '200000', '5', '2024-06-20 08:35:11', 45, 'Full Time', 'Matara', 'Information Technology', '2024-09-30'),
(161, 126, 'Data Scientist', '<p><strong>Job Description:</strong><br />We are looking for a skilled Data Analyst to analyze and interpret complex data to support strategic business decisions. The ideal candidate will be adept at data mining, statistical analysis, and data visualization, providing actionable insights that drive business success.</p>\r\n<p><strong>Key Responsibilities:</strong></p>\r\n<ul>\r\n<li><strong>Data Mining:</strong> Extract and process data from various sources to identify trends, patterns, and insights.</li>\r\n<li><strong>Statistical Analysis:</strong> Apply statistical methods to analyze data and generate meaningful interpretations and forecasts.</li>\r\n<li><strong>Data Visualization:</strong> Create compelling visualizations to effectively communicate data findings and support decision-making.</li>\r\n</ul>\r\n<p><strong>Qualifications:</strong></p>\r\n<ul>\r\n<li>Bachelor&rsquo;s degree in Data Science, Statistics, or a related field.</li>\r\n</ul>\r\n<p><strong>Preferred Skills:</strong></p>\r\n<ul>\r\n<li>Proficiency in Python and R for data analysis.</li>\r\n<li>Experience with data visualization tools (e.g., Tableau, Power BI).</li>\r\n</ul>\r\n<p><strong>Benefits:</strong></p>\r\n<ul>\r\n<li>Health insurance</li>\r\n<li>Performance bonuses</li>\r\n<li>Flexible work hours</li>\r\n</ul>', '120000', '160000', '3', '2024-06-20 08:39:20', 40, 'Full Time', 'Matara', 'Information Technology', '2024-07-23'),
(162, 127, 'Renewable Energy Engineer', '<p>We are looking for an experienced Renewable Energy Systems Engineer to join our team and lead the design and implementation of renewable energy systems. The ideal candidate will have a strong background in renewable energy engineering, with a focus on solar and wind energy systems. This role involves project design, overseeing installations, and maintaining systems to ensure optimal performance.</p>\r\n<h4>Key Responsibilities:</h4>\r\n<ul>\r\n<li>\r\n<p><strong>Project Design</strong>:</p>\r\n<ul>\r\n<li>Develop detailed designs for renewable energy systems, including solar photovoltaic (PV) and wind energy systems.</li>\r\n<li>Conduct site assessments and feasibility studies to determine the most suitable renewable energy solutions.</li>\r\n<li>Create technical drawings, specifications, and schematics using industry-standard software.</li>\r\n</ul>\r\n</li>\r\n<li>\r\n<p><strong>Installation Oversight</strong>:</p>\r\n<ul>\r\n<li>Oversee the installation of renewable energy systems, ensuring compliance with design specifications and industry standards.</li>\r\n<li>Coordinate with contractors, suppliers, and other stakeholders to ensure timely and efficient project execution.</li>\r\n<li>Perform quality assurance checks and inspections during and after installation to ensure system integrity and performance.</li>\r\n</ul>\r\n</li>\r\n<li>\r\n<p><strong>System Maintenance</strong>:</p>\r\n<ul>\r\n<li>Develop and implement maintenance schedules to ensure the longevity and efficiency of installed systems.</li>\r\n<li>Troubleshoot and resolve technical issues related to system performance and reliability.</li>\r\n<li>Conduct regular system performance evaluations and recommend improvements or upgrades as needed.</li>\r\n</ul>\r\n</li>\r\n<li>\r\n<p><strong>Technical Support and Training</strong>:</p>\r\n<ul>\r\n<li>Provide technical support to clients and team members regarding the operation and maintenance of renewable energy systems.</li>\r\n<li>Develop training materials and conduct training sessions for clients and staff on system operation and safety.</li>\r\n</ul>\r\n</li>\r\n<li>\r\n<p><strong>Regulatory Compliance</strong>:</p>\r\n<ul>\r\n<li>Ensure all projects comply with local, state, and federal regulations and industry standards.</li>\r\n<li>Keep abreast of changes in regulations and technology advancements related to renewable energy.</li>\r\n</ul>\r\n</li>\r\n</ul>\r\n<h4>Qualifications:</h4>\r\n<ul>\r\n<li><strong>Education</strong>:\r\n<ul>\r\n<li>Bachelor&rsquo;s degree in Renewable Energy Engineering, Electrical Engineering, Mechanical Engineering, or a related field.</li>\r\n</ul>\r\n</li>\r\n<li><strong>Experience</strong>:\r\n<ul>\r\n<li>Minimum of 4 years of experience in designing, installing, and maintaining renewable energy systems.</li>\r\n</ul>\r\n</li>\r\n<li><strong>Skills</strong>:\r\n<ul>\r\n<li>Proficiency in designing solar PV and wind energy systems.</li>\r\n<li>Strong project management skills with the ability to oversee multiple projects simultaneously.</li>\r\n<li>Excellent problem-solving abilities and attention to detail.</li>\r\n<li>Proficiency in CAD software and other design tools.</li>\r\n</ul>\r\n</li>\r\n</ul>\r\n<h4>Preferred Skills:</h4>\r\n<ul>\r\n<li>In-depth knowledge of solar and wind energy technologies.</li>\r\n<li>Experience with energy storage systems and grid integration.</li>\r\n<li>Familiarity with industry standards and best practices in renewable energy.</li>\r\n</ul>\r\n<h4>Benefits:</h4>\r\n<ul>\r\n<li>Work in a green and environmentally conscious organization committed to sustainability.</li>\r\n<li>Opportunities for career advancement and professional growth.</li>\r\n<li>Comprehensive health insurance and retirement savings plans.</li>\r\n<li>Access to continuous training and development programs.</li>\r\n<li>Collaborative and innovative work environment.</li>\r\n</ul>\r\n<p>Join our team and play a crucial role in advancing renewable energy solutions that contribute to a sustainable future. Apply today to be part of our mission to harness clean energy and reduce our environmental footprint!</p>', '160000', '200000', '4', '2024-07-01 09:00:14', 45, 'Full Time', 'Negombo', 'Engineering', '2024-09-01'),
(163, 124, 'Product Development Specialist', '<p><strong>Description:</strong> As a Food Product Developer at Lanka Foods Pvt Ltd, you will be responsible for developing new food products and improving existing ones. Your role will involve recipe development, conducting market research, and testing products to ensure they meet quality standards and consumer expectations.</p>\r\n<p><strong>Responsibilities:</strong></p>\r\n<ul>\r\n<li>Develop innovative and appealing food recipes.</li>\r\n<li>Conduct thorough market research to understand trends and consumer preferences.</li>\r\n<li>Test new and existing products to ensure they meet quality and safety standards.</li>\r\n<li>Collaborate with the marketing team to create product launch strategies.</li>\r\n<li>Stay updated with industry trends and competitor products.</li>\r\n<li>Ensure compliance with food safety regulations.</li>\r\n</ul>\r\n<p><strong>Qualifications:</strong></p>\r\n<ul>\r\n<li>Degree in Food Science or a related field.</li>\r\n<li>4+ years of experience in food product development.</li>\r\n</ul>\r\n<p><strong>Preferred Skills:</strong></p>\r\n<ul>\r\n<li>Strong background in product innovation.</li>\r\n<li>Excellent understanding of market trends and consumer behavior.</li>\r\n<li>Ability to work in a fast-paced, creative environment.</li>\r\n<li>Strong analytical and problem-solving skills.</li>\r\n</ul>\r\n<p><strong>Benefits:</strong></p>\r\n<ul>\r\n<li>Creative and dynamic work environment.</li>\r\n<li>Performance-based bonuses.</li>\r\n<li>Opportunities for professional growth and development.</li>\r\n</ul>\r\n<p>Join Lanka Foods Pvt Ltd and be a part of a team that is passionate about creating delicious and innovative food products!</p>', '110000', '140000', '4', '2024-07-02 09:04:53', 40, 'Contract', 'Galle', 'Manufacturing & Production', '2024-08-15'),
(164, 125, 'Production Assistant', '<p><strong>Description:</strong> Assist in the production of textile goods. Responsibilities include monitoring production lines, performing quality checks, and maintaining equipment to ensure smooth and efficient production processes.</p>\r\n<p><strong>Responsibilities:</strong></p>\r\n<ul>\r\n<li>Monitor production lines to ensure smooth operation and timely production of goods.</li>\r\n<li>Perform quality checks on products to ensure they meet company standards.</li>\r\n<li>Maintain and clean equipment to ensure it operates efficiently.</li>\r\n<li>Assist with the setup and adjustment of machinery for different production runs.</li>\r\n<li>Report any issues or malfunctions to the production supervisor.</li>\r\n<li>Follow safety protocols and maintain a clean and organized workspace.</li>\r\n<li>Assist with inventory management and stock control.</li>\r\n<li>Collaborate with team members to meet production goals and deadlines.</li>\r\n</ul>\r\n<p><strong>Qualifications:</strong></p>\r\n<ul>\r\n<li>High school diploma or equivalent.</li>\r\n<li>Experience in textiles or manufacturing preferred.</li>\r\n<li>Basic understanding of production processes and machinery.</li>\r\n<li>Ability to work effectively in a team environment.</li>\r\n<li>Good communication and problem-solving skills.</li>\r\n</ul>\r\n<p><strong>Preferred Skills:</strong></p>\r\n<ul>\r\n<li>Attention to detail and strong observational skills.</li>\r\n<li>Mechanical skills and the ability to troubleshoot equipment issues.</li>\r\n<li>Ability to follow instructions and work independently.</li>\r\n<li>Basic computer skills for inventory and production tracking.</li>\r\n</ul>\r\n<p><strong>Benefits:</strong></p>\r\n<ul>\r\n<li>On-the-job training provided.</li>\r\n<li>Job stability and opportunities for career advancement.</li>\r\n<li>Competitive salary and benefits package.</li>\r\n<li>Health and wellness programs.</li>\r\n<li>Paid time off and holidays.</li>\r\n<li>Retirement savings plan.</li>\r\n</ul>', '50000', '60000', '1', '2024-07-03 09:31:22', 30, 'Part Time', 'Jaffna', 'Manufacturing & Production', '2024-08-20'),
(165, 125, 'HR Manager', '<p><strong>Description:</strong> As an HR Manager, you will play a crucial role in managing and enhancing our human resources functions. You will oversee recruitment, employee relations, performance management, and compliance with labor laws. Your efforts will help foster a positive workplace culture and support the overall organizational goals.</p>\r\n<p><strong>Responsibilities:</strong></p>\r\n<ul>\r\n<li>Develop and implement HR strategies and initiatives aligned with the overall business strategy.</li>\r\n<li>Manage the recruitment and selection process to attract top talent.</li>\r\n<li>Oversee employee onboarding and orientation programs to ensure smooth integration.</li>\r\n<li>Provide support and guidance to employees and managers on HR-related issues, including conflict resolution and performance management.</li>\r\n<li>Monitor and ensure compliance with labor laws and regulations.</li>\r\n<li>Design and implement employee engagement programs to enhance job satisfaction and retention.</li>\r\n<li>Conduct regular performance reviews and provide feedback to employees.</li>\r\n<li>Manage compensation and benefits programs to maintain competitiveness and fairness.</li>\r\n</ul>\r\n<p><strong>Qualifications:</strong></p>\r\n<ul>\r\n<li>Bachelor&rsquo;s degree in Human Resources, Business Administration, or a related field.</li>\r\n<li>Relevant HR certifications (e.g., SHRM-CP, PHR) are preferred.</li>\r\n</ul>\r\n<p><strong>Preferred Skills:</strong></p>\r\n<ul>\r\n<li>Proven experience as an HR Manager or in a similar role with a solid understanding of HR practices and employment laws.</li>\r\n<li>Strong leadership and interpersonal skills with the ability to build relationships across all levels of the organization.</li>\r\n<li>Excellent communication and problem-solving abilities.</li>\r\n<li>Experience in implementing HR policies and programs effectively.</li>\r\n<li>Ability to handle sensitive and confidential information with discretion.</li>\r\n</ul>\r\n<p><strong>Benefits:</strong></p>\r\n<ul>\r\n<li>Health insurance coverage.</li>\r\n<li>Performance-based bonuses.</li>\r\n<li>Opportunities for career growth and professional development.</li>\r\n<li>Flexible working hours and remote work options.</li>\r\n</ul>', '12000', '160000', '3', '2024-07-04 09:33:34', 45, 'Full Time', 'Jaffna', 'Human Resources', '2024-07-28'),
(166, 128, 'Marketing Manager', '<p><strong>Overview:</strong> We are seeking a strategic and results-driven Marketing Manager to develop and implement innovative marketing strategies. The ideal candidate will have a strong background in market research, campaign management, and team coordination to drive our marketing efforts and achieve business objectives.</p>\r\n<p><strong>Key Responsibilities:</strong></p>\r\n<ul>\r\n<li><strong>Marketing Strategy Development:</strong> Create and implement effective marketing strategies to enhance brand presence and drive growth.</li>\r\n<li><strong>Market Research:</strong> Conduct in-depth market research to understand customer needs, industry trends, and competitive landscape.</li>\r\n<li><strong>Campaign Management:</strong> Plan, execute, and monitor marketing campaigns to ensure they meet performance goals and align with business objectives.</li>\r\n<li><strong>Team Coordination:</strong> Collaborate with cross-functional teams to ensure cohesive execution of marketing strategies and initiatives.</li>\r\n</ul>\r\n<p><strong>Qualifications:</strong></p>\r\n<ul>\r\n<li><strong>Education:</strong> Bachelor&rsquo;s Degree in Marketing, Business Administration, or a related field.</li>\r\n<li><strong>Experience:</strong> Minimum of 4 years of experience in marketing, with a proven track record in strategy development and campaign management.</li>\r\n</ul>\r\n<p><strong>Preferred Skills:</strong></p>\r\n<ul>\r\n<li><strong>SEO:</strong> Expertise in search engine optimization to enhance online visibility and performance.</li>\r\n<li><strong>Data Analysis:</strong> Strong analytical skills to interpret marketing data and derive actionable insights.</li>\r\n</ul>\r\n<p><strong>Benefits:</strong></p>\r\n<ul>\r\n<li><strong>Travel Opportunities:</strong> Enjoy potential travel opportunities to expand market reach and explore new business avenues.</li>\r\n<li><strong>Bonus Structure:</strong> Performance-based bonuses to reward your contributions and achievements.</li>\r\n</ul>\r\n<p>Join us and leverage your marketing expertise to drive impactful strategies and make a significant impact on our brand&rsquo;s success.</p>', '140000', '180000', '4', '2024-07-05 09:38:32', 35, 'Full Time', 'Kandy', 'Marketing & Advertising', '2024-09-05'),
(167, 128, 'Content Writer', '<p><strong>Overview:</strong> We are seeking a creative and skilled Content Creator to produce engaging content for various digital platforms. The ideal candidate will have a knack for writing compelling blog posts, articles, and social media content that resonates with our audience.</p>\r\n<p><strong>Key Responsibilities:</strong></p>\r\n<ul>\r\n<li><strong>Content Creation:</strong> Write and edit blog posts, articles, and social media content that captures audience interest and aligns with our brand voice.</li>\r\n<li><strong>Content Strategy:</strong> Collaborate with the marketing team to develop and execute content strategies that drive engagement and meet organizational goals.</li>\r\n<li><strong>Research:</strong> Conduct research on industry trends and topics to create relevant and informative content.</li>\r\n</ul>\r\n<p><strong>Qualifications:</strong></p>\r\n<ul>\r\n<li><strong>Education:</strong> Bachelor&rsquo;s Degree in English, Communications, Journalism, or a related field.</li>\r\n<li><strong>Experience:</strong> Strong writing skills with experience in content creation.</li>\r\n</ul>\r\n<p><strong>Preferred Skills:</strong></p>\r\n<ul>\r\n<li><strong>SEO:</strong> Knowledge of search engine optimization practices to enhance content visibility.</li>\r\n<li><strong>Copywriting:</strong> Proficiency in crafting persuasive and engaging copy for various digital channels.</li>\r\n</ul>\r\n<p><strong>Benefits:</strong></p>\r\n<ul>\r\n<li><strong>Flexible Schedule:</strong> Enjoy a work schedule that accommodates your lifestyle.</li>\r\n<li><strong>Work-from-Home Options:</strong> Work remotely for greater flexibility and convenience.</li>\r\n</ul>\r\n<p>If you are passionate about creating impactful content and thrive in a dynamic environment, we encourage you to apply and join our team!</p>', '60000', '80000', '2', '2024-07-05 09:40:54', 32, 'Part Time', 'Kandy', 'Arts, Design, & Media', '2024-08-01'),
(168, 128, 'Senior Financial Analyst', '<p><strong>Overview:&nbsp;</strong>We are seeking a skilled Senior Financial Analyst to evaluate and enhance our financial processes and performance. The ideal candidate will excel in financial data analysis, forecasting, and reporting to drive strategic decision-making and financial efficiency.</p>\r\n<p><strong>Key Responsibilities:</strong></p>\r\n<ul>\r\n<li><strong>Financial Data Analysis:</strong> Analyze financial data to identify trends, variances, and opportunities for improvement.</li>\r\n<li><strong>Forecasting and Budgeting:</strong> Develop financial forecasts and budgets to support strategic planning and decision-making.</li>\r\n<li><strong>Report Preparation:</strong> Prepare detailed financial reports and presentations to communicate findings and recommend actionable improvements.</li>\r\n<li><strong>Stakeholder Collaboration:</strong> Work closely with stakeholders to gather financial requirements and provide insights for financial decision-making.</li>\r\n</ul>\r\n<p><strong>Qualifications:</strong></p>\r\n<ul>\r\n<li><strong>Education:</strong> Bachelor&rsquo;s Degree in Finance, Accounting, Economics, or a related field.</li>\r\n<li><strong>Experience:</strong> Proven experience in financial analysis or related roles.</li>\r\n</ul>\r\n<p><strong>Preferred Skills:</strong></p>\r\n<ul>\r\n<li><strong>Financial Analysis Tools:</strong> Proficiency in financial analysis tools and software such as Excel, SQL, or other analytics platforms.</li>\r\n<li><strong>Forecasting Techniques:</strong> Experience with financial forecasting and budgeting methodologies.</li>\r\n</ul>\r\n<p><strong>Benefits:</strong></p>\r\n<ul>\r\n<li><strong>Health Insurance:</strong> Comprehensive health coverage to ensure your well-being.</li>\r\n<li><strong>Career Advancement:</strong> Opportunities for professional growth and career development.</li>\r\n<li><strong>Flexible Work Hours:</strong> Enjoy a work schedule that promotes work-life balance.</li>\r\n</ul>\r\n<p>If you are a proactive problem-solver with a passion for financial analysis and strategy, we invite you to apply and join our dedicated team.</p>', '100000', '140000', '5', '2024-07-06 09:44:23', 45, 'Full Time', 'Kandy', 'Sales & Business Development', '2024-09-10'),
(169, 125, ' Textile Production Manager', '<p><strong>Description:</strong> Manage production operations and ensure efficient workflow within the production facility. Responsibilities include supervising production staff, scheduling, quality control, and ensuring production targets are met.</p>\r\n<p><strong>Responsibilities:</strong></p>\r\n<ul>\r\n<li>Supervise and manage production staff to ensure efficient workflow.</li>\r\n<li>Develop and implement production schedules to meet targets.</li>\r\n<li>Oversee quality control processes to maintain high standards.</li>\r\n<li>Monitor production processes and adjust schedules as needed.</li>\r\n<li>Ensure compliance with health and safety regulations.</li>\r\n<li>Identify areas for process improvement and implement changes.</li>\r\n<li>Maintain accurate production records and reports.</li>\r\n<li>Coordinate with other departments to ensure smooth operations.</li>\r\n<li>Train and mentor production staff.</li>\r\n<li>Address production issues and implement solutions promptly.</li>\r\n</ul>\r\n<p><strong>Qualifications:</strong></p>\r\n<ul>\r\n<li>Degree in Textile Engineering or related field.</li>\r\n<li>Minimum of 5 years of experience in production management.</li>\r\n<li>Strong understanding of production processes and workflow optimization.</li>\r\n<li>Excellent leadership and team management skills.</li>\r\n<li>Proficiency in production management software.</li>\r\n<li>Strong problem-solving and decision-making abilities.</li>\r\n<li>Effective communication and interpersonal skills.</li>\r\n<li>Ability to work under pressure and meet deadlines.</li>\r\n</ul>\r\n<p><strong>Preferred Skills:</strong></p>\r\n<ul>\r\n<li>Proven leadership abilities with a focus on team development.</li>\r\n<li>Experience in textile manufacturing or related industry.</li>\r\n<li>Knowledge of lean manufacturing principles.</li>\r\n<li>Strong analytical and organizational skills.</li>\r\n</ul>\r\n<p><strong>Benefits:</strong></p>\r\n<ul>\r\n<li>Competitive salary commensurate with experience.</li>\r\n<li>Opportunities for career growth and development.</li>\r\n<li>Comprehensive health and wellness benefits.</li>\r\n<li>Paid time off and holidays.</li>\r\n<li>Retirement savings plan with company match.</li>\r\n<li>Employee discount programs.</li>\r\n</ul>', '150000', '200000', '5', '2024-07-06 09:54:14', 45, 'Contract', 'Jaffna', 'Manufacturing & Production', '2024-08-15'),
(170, 128, 'Digital Marketing Consultant', '<p><strong>Overview:</strong> We are seeking a dynamic and experienced Marketing Manager to develop and implement effective marketing strategies. The successful candidate will be responsible for conducting market research, managing marketing campaigns, and coordinating with team members to achieve organizational goals.</p>\r\n<p><strong>Key Responsibilities:</strong></p>\r\n<ul>\r\n<li><strong>Market Research:</strong> Conduct thorough market research to identify trends, opportunities, and customer needs.</li>\r\n<li><strong>Campaign Management:</strong> Develop, execute, and monitor marketing campaigns to ensure they align with business objectives.</li>\r\n<li><strong>Team Coordination:</strong> Collaborate with cross-functional teams to implement marketing strategies and ensure cohesive execution.</li>\r\n<li><strong>Performance Analysis:</strong> Analyze campaign performance and market data to provide actionable insights and recommendations for improvement.</li>\r\n</ul>\r\n<p><strong>Qualifications:</strong></p>\r\n<ul>\r\n<li><strong>Education:</strong> Bachelor&rsquo;s Degree in Marketing, Business, or a related field.</li>\r\n<li><strong>Experience:</strong> Minimum of 4 years of experience in marketing, with a proven track record in campaign management and strategy development.</li>\r\n<li><strong>Skills:</strong>\r\n<ul>\r\n<li><strong>SEO:</strong> Proficiency in search engine optimization techniques.</li>\r\n<li><strong>Data Analysis:</strong> Strong ability to analyze data and extract meaningful insights.</li>\r\n</ul>\r\n</li>\r\n</ul>\r\n<p><strong>Preferred Skills:</strong></p>\r\n<ul>\r\n<li>Experience with digital marketing tools and platforms.</li>\r\n<li>Familiarity with content creation and social media management.</li>\r\n</ul>\r\n<p><strong>Benefits:</strong></p>\r\n<ul>\r\n<li><strong>Travel Opportunities:</strong> Potential for business travel to expand market reach.</li>\r\n<li><strong>Bonus Structure:</strong> Performance-based bonuses to reward outstanding achievements.</li>\r\n</ul>\r\n<p>Join us to leverage your marketing expertise and drive impactful campaigns while enjoying a rewarding career with growth opportunities.</p>', '150000', '200000', '5', '2024-07-06 09:57:09', 46, 'Contract', 'Kandy', 'Marketing & Advertising', '2024-08-01'),
(171, 122, 'IT Intern', '<p><strong>About Us:</strong> Tech Solutions Pvt. Ltd. is a leading provider of IT services and solutions, dedicated to delivering innovative technology solutions to our clients. We are committed to fostering talent and providing a supportive environment for learning and growth. As an IT Support Intern, you will be a key part of our team, gaining valuable experience in various IT functions.</p>\r\n<p><strong>Job Description:</strong> As an IT Support Intern at Tech Solutions Pvt. Ltd., you will be involved in a range of critical tasks that support our IT department\'s daily operations. This internship is designed to provide you with hands-on experience and exposure to real-world IT challenges.</p>\r\n<p><strong>Key Responsibilities:</strong></p>\r\n<ul>\r\n<li>\r\n<p><strong>Software Testing:</strong> Collaborate with the IT team to test and validate software applications. You will help ensure that software solutions are thoroughly tested, functioning as expected, and free from defects. This involves creating and executing test cases, documenting results, and reporting any issues or anomalies.</p>\r\n</li>\r\n<li>\r\n<p><strong>Documentation:</strong> Assist in the creation and maintenance of comprehensive documentation related to IT processes, procedures, and system configurations. This includes updating technical manuals, user guides, and internal knowledge bases to ensure accurate and accessible information for the team.</p>\r\n</li>\r\n<li>\r\n<p><strong>Troubleshooting:</strong> Support the IT department in diagnosing and resolving technical issues reported by users. Your role will involve identifying problems, providing solutions, and ensuring that issues are resolved in a timely and effective manner. You will gain experience in troubleshooting various hardware and software issues.</p>\r\n</li>\r\n</ul>\r\n<p><strong>Qualifications:</strong></p>\r\n<ul>\r\n<li>Currently pursuing a degree in Information Technology, Computer Science, or a related field.</li>\r\n<li>Basic programming knowledge is preferred, but not required.</li>\r\n<li>Strong analytical and problem-solving skills with attention to detail.</li>\r\n<li>Good communication skills and the ability to work effectively in a team environment.</li>\r\n<li>Eagerness to learn and adapt to new technologies and processes.</li>\r\n</ul>\r\n<p><strong>Benefits:</strong></p>\r\n<ul>\r\n<li><strong>Learning Experience:</strong> Gain practical experience in a professional IT environment, enhancing your understanding of software testing, documentation, and troubleshooting.</li>\r\n<li><strong>Mentorship:</strong> Receive guidance and mentorship from experienced IT professionals, helping you develop your skills and advance your career.</li>\r\n<li><strong>Career Growth:</strong> Opportunity to explore various aspects of IT and build a solid foundation for future career opportunities in the technology sector.</li>\r\n</ul>\r\n<p>At Tech Solutions Pvt. Ltd., we are excited to help you kickstart your IT career and support your professional development. Join us and take the first step towards a rewarding career in technology!</p>\r\n<p>&nbsp;</p>', '20000', '25000', '0', '2024-07-10 10:01:24', 27, 'Internship', 'Colombo', 'Information Technology', '2024-08-31'),
(172, 127, ' Project Coordinator', '<p>We are seeking a dedicated Renewable Energy Project Coordinator to manage and oversee our renewable energy projects, ensuring they are completed on time and within scope. The ideal candidate will have a strong background in project coordination, particularly in the energy sector, and will be responsible for managing project schedules, coordinating with various teams, and reporting progress to stakeholders.</p>\r\n<h4>Key Responsibilities:</h4>\r\n<ul>\r\n<li>\r\n<p><strong>Project Schedule Management</strong>:</p>\r\n<ul>\r\n<li>Develop and maintain detailed project schedules, ensuring all tasks are clearly defined and deadlines are met.</li>\r\n<li>Monitor project timelines and make adjustments as necessary to ensure timely completion.</li>\r\n<li>Identify potential delays and implement corrective actions to keep projects on track.</li>\r\n</ul>\r\n</li>\r\n<li>\r\n<p><strong>Team Coordination</strong>:</p>\r\n<ul>\r\n<li>Coordinate activities among cross-functional teams, including engineering, procurement, and construction.</li>\r\n<li>Facilitate effective communication and collaboration among team members to ensure alignment and efficiency.</li>\r\n<li>Organize and lead project meetings, ensuring all participants are informed of project status and next steps.</li>\r\n</ul>\r\n</li>\r\n<li>\r\n<p><strong>Progress Reporting</strong>:</p>\r\n<ul>\r\n<li>Prepare regular progress reports and presentations for stakeholders, highlighting key achievements, milestones, and any issues.</li>\r\n<li>Maintain comprehensive project documentation and records.</li>\r\n<li>Provide transparent and timely updates to management and other stakeholders on project progress and any deviations from the plan.</li>\r\n</ul>\r\n</li>\r\n<li>\r\n<p><strong>Resource Management</strong>:</p>\r\n<ul>\r\n<li>Assist in the allocation and management of project resources, including personnel, equipment, and materials.</li>\r\n<li>Ensure resources are utilized effectively and efficiently to meet project goals.</li>\r\n</ul>\r\n</li>\r\n<li>\r\n<p><strong>Risk Management</strong>:</p>\r\n<ul>\r\n<li>Identify and assess project risks, developing mitigation strategies to minimize impact.</li>\r\n<li>Monitor risk factors throughout the project lifecycle and adjust plans as necessary to address new challenges.</li>\r\n</ul>\r\n</li>\r\n</ul>\r\n<h4>Qualifications:</h4>\r\n<ul>\r\n<li><strong>Education</strong>:\r\n<ul>\r\n<li>Bachelor&rsquo;s degree in Project Management, Environmental Science, Engineering, or a related field.</li>\r\n</ul>\r\n</li>\r\n<li><strong>Experience</strong>:\r\n<ul>\r\n<li>Proven experience in project coordination, preferably within the energy sector.</li>\r\n</ul>\r\n</li>\r\n<li><strong>Skills</strong>:\r\n<ul>\r\n<li>Strong organizational and time management skills.</li>\r\n<li>Excellent communication and interpersonal skills.</li>\r\n<li>Proficiency in project management software and tools.</li>\r\n<li>Ability to manage multiple projects simultaneously.</li>\r\n</ul>\r\n</li>\r\n</ul>\r\n<h4>Preferred Skills:</h4>\r\n<ul>\r\n<li>Familiarity with renewable energy technologies and industry practices.</li>\r\n<li>Experience working with cross-functional teams in a fast-paced environment.</li>\r\n<li>Strong problem-solving abilities and attention to detail.</li>\r\n</ul>\r\n<h4>Benefits:</h4>\r\n<ul>\r\n<li>Comprehensive health insurance, including medical, dental, and vision coverage.</li>\r\n<li>Opportunities for career growth and advancement.</li>\r\n<li>Access to training and professional development programs.</li>\r\n<li>Supportive and collaborative work environment focused on innovation and sustainability.</li>\r\n</ul>\r\n<p>Join our team and contribute to the advancement of renewable energy projects that make a positive impact on the environment. Apply today to be part of our mission to promote sustainable energy solutions!</p>', '70000', '100000', '1', '2024-07-14 10:07:53', 30, 'Full Time', 'Negombo', 'Consulting', '2024-10-10');
INSERT INTO `job_post` (`id_jobpost`, `id_company`, `jobtitle`, `description`, `minimumsalary`, `maximumsalary`, `experience`, `createdat`, `maxage`, `job_type`, `location`, `category`, `deadline`) VALUES
(173, 127, 'Project Manager', '<p>We are looking for an experienced and motivated Green Energy Project Manager to oversee our green energy projects from inception to completion. This role involves planning, budgeting, coordinating teams, and ensuring projects are completed on time, within scope, and within budget. The successful candidate will play a crucial role in advancing our sustainability goals and promoting the use of green technology.</p>\r\n<h4>Key Responsibilities:</h4>\r\n<ul>\r\n<li>\r\n<p><strong>Project Planning</strong>:</p>\r\n<ul>\r\n<li>Develop comprehensive project plans outlining scope, objectives, deliverables, timelines, and resources.</li>\r\n<li>Conduct feasibility studies and risk assessments to ensure project viability.</li>\r\n<li>Establish clear project milestones and performance metrics.</li>\r\n</ul>\r\n</li>\r\n<li>\r\n<p><strong>Budgeting and Financial Management</strong>:</p>\r\n<ul>\r\n<li>Create and manage project budgets, ensuring all expenditures are tracked and controlled.</li>\r\n<li>Analyze financial reports and provide regular updates on project financial status.</li>\r\n<li>Identify cost-saving opportunities and optimize resource allocation.</li>\r\n</ul>\r\n</li>\r\n<li>\r\n<p><strong>Team Coordination and Leadership</strong>:</p>\r\n<ul>\r\n<li>Lead cross-functional teams, ensuring clear communication and collaboration among team members.</li>\r\n<li>Assign tasks and responsibilities, monitor progress, and provide support as needed.</li>\r\n<li>Foster a positive and productive work environment, encouraging team engagement and innovation.</li>\r\n</ul>\r\n</li>\r\n<li>\r\n<p><strong>Stakeholder Management</strong>:</p>\r\n<ul>\r\n<li>Engage with stakeholders, including clients, contractors, and regulatory bodies, to ensure project alignment with their needs and expectations.</li>\r\n<li>Provide regular project updates and reports to stakeholders, addressing any concerns or changes in project scope.</li>\r\n<li>Maintain strong relationships with all project stakeholders to facilitate smooth project execution.</li>\r\n</ul>\r\n</li>\r\n<li>\r\n<p><strong>Quality and Compliance</strong>:</p>\r\n<ul>\r\n<li>Ensure all project activities comply with relevant regulations, standards, and best practices.</li>\r\n<li>Conduct regular quality assurance checks and implement corrective actions as necessary.</li>\r\n<li>Maintain thorough project documentation and records for audit and review purposes.</li>\r\n</ul>\r\n</li>\r\n<li>\r\n<p><strong>Continuous Improvement</strong>:</p>\r\n<ul>\r\n<li>Identify opportunities for process improvement and implement best practices in project management.</li>\r\n<li>Stay updated with the latest advancements in green technology and project management methodologies.</li>\r\n<li>Participate in professional development activities to enhance skills and knowledge.</li>\r\n</ul>\r\n</li>\r\n</ul>\r\n<h4>Qualifications:</h4>\r\n<ul>\r\n<li><strong>Education</strong>:\r\n<ul>\r\n<li>Bachelor\'s degree in Project Management, Environmental Science, Engineering, or a related field.</li>\r\n</ul>\r\n</li>\r\n<li><strong>Certification</strong>:\r\n<ul>\r\n<li>Project Management Professional (PMP) certification or equivalent.</li>\r\n</ul>\r\n</li>\r\n<li><strong>Experience</strong>:\r\n<ul>\r\n<li>Minimum of 5 years of experience in project management, preferably in green energy or related industries.</li>\r\n</ul>\r\n</li>\r\n<li><strong>Skills</strong>:\r\n<ul>\r\n<li>Proven ability to manage multiple projects simultaneously.</li>\r\n<li>Strong understanding of project management methodologies and tools.</li>\r\n<li>Excellent leadership, communication, and interpersonal skills.</li>\r\n<li>Ability to manage budgets and financial reports effectively.</li>\r\n<li>Strong problem-solving and decision-making abilities.</li>\r\n</ul>\r\n</li>\r\n</ul>\r\n<h4>Preferred Skills:</h4>\r\n<ul>\r\n<li>In-depth knowledge of green technology and sustainable practices.</li>\r\n<li>Experience with renewable energy projects such as solar, wind, or bioenergy.</li>\r\n<li>Proficiency in project management software such as MS Project, Asana, or Trello.</li>\r\n<li>Strong analytical and strategic thinking skills.</li>\r\n</ul>\r\n<h4>Benefits:</h4>\r\n<ul>\r\n<li>Competitive salary commensurate with experience and qualifications.</li>\r\n<li>Performance-based project bonuses.</li>\r\n<li>Comprehensive health benefits, including medical, dental, and vision coverage.</li>\r\n<li>Retirement savings plan with company match.</li>\r\n<li>Generous paid time off and holiday benefits.</li>\r\n<li>Opportunities for professional growth and career advancement.</li>\r\n<li>A collaborative and innovative work environment committed to sustainability.</li>\r\n</ul>\r\n<p>Join our team and lead transformative green energy projects that make a positive impact on the environment. Apply today to become a key player in our journey toward a sustainable future!</p>', '180000', '230000', '5', '2024-07-14 10:10:45', 50, 'Contract', 'Negombo', 'Consulting', '2024-09-10'),
(174, 127, 'Energy Analyst', '<p>We are seeking a detail-oriented and analytical Energy Consumption and Efficiency Analyst to join our team. The primary responsibility of this role is to analyze energy consumption patterns, evaluate efficiency measures, and recommend strategies to reduce energy usage. This role is crucial in helping our organization achieve sustainability goals and reduce operational costs through efficient energy management.</p>\r\n<h4>Key Responsibilities:</h4>\r\n<ul>\r\n<li>\r\n<p><strong>Data Collection and Analysis</strong>:</p>\r\n<ul>\r\n<li>Collect and analyze data related to energy consumption across various departments and facilities.</li>\r\n<li>Use statistical and analytical tools to interpret data and identify trends and patterns.</li>\r\n<li>Develop and maintain energy consumption databases and ensure data accuracy and integrity.</li>\r\n</ul>\r\n</li>\r\n<li>\r\n<p><strong>Reporting and Documentation</strong>:</p>\r\n<ul>\r\n<li>Prepare detailed reports on energy consumption and efficiency, highlighting key findings and insights.</li>\r\n<li>Create visualizations and presentations to communicate data trends and recommendations to stakeholders.</li>\r\n<li>Document energy-saving measures implemented and their outcomes.</li>\r\n</ul>\r\n</li>\r\n<li>\r\n<p><strong>Recommendation and Implementation</strong>:</p>\r\n<ul>\r\n<li>Identify opportunities for energy savings and efficiency improvements.</li>\r\n<li>Develop and propose actionable energy-saving measures and strategies.</li>\r\n<li>Collaborate with relevant departments to implement recommended energy-saving initiatives and monitor their effectiveness.</li>\r\n</ul>\r\n</li>\r\n<li>\r\n<p><strong>Compliance and Standards</strong>:</p>\r\n<ul>\r\n<li>Ensure compliance with local, state, and federal regulations related to energy consumption and efficiency.</li>\r\n<li>Stay updated on industry standards, best practices, and technological advancements in energy management.</li>\r\n</ul>\r\n</li>\r\n<li>\r\n<p><strong>Continuous Improvement</strong>:</p>\r\n<ul>\r\n<li>Continuously seek opportunities to improve energy efficiency and reduce waste.</li>\r\n<li>Participate in professional development activities to stay current with industry trends and enhance skill sets.</li>\r\n<li>Lead or participate in cross-functional teams to drive energy efficiency projects.</li>\r\n</ul>\r\n</li>\r\n</ul>\r\n<h4>Qualifications:</h4>\r\n<ul>\r\n<li><strong>Education</strong>:\r\n<ul>\r\n<li>Bachelor\'s degree in Environmental Science, Energy Management, Engineering, or a related field.</li>\r\n</ul>\r\n</li>\r\n<li><strong>Experience</strong>:\r\n<ul>\r\n<li>Minimum of 2 years of experience in energy analysis, efficiency management, or a related field.</li>\r\n</ul>\r\n</li>\r\n<li><strong>Skills</strong>:\r\n<ul>\r\n<li>Proficiency in data analysis and statistical tools.</li>\r\n<li>Strong understanding of energy consumption metrics and efficiency measures.</li>\r\n<li>Excellent analytical, problem-solving, and critical thinking skills.</li>\r\n<li>Ability to communicate complex data in a clear and concise manner to various stakeholders.</li>\r\n<li>Knowledge of relevant energy regulations and standards.</li>\r\n</ul>\r\n</li>\r\n</ul>\r\n<h4>Preferred Skills:</h4>\r\n<ul>\r\n<li>Advanced skills in data analysis tools such as Excel, SQL, or specialized energy management software.</li>\r\n<li>Experience with energy modeling and simulation software.</li>\r\n<li>Knowledge of renewable energy sources and sustainable practices.</li>\r\n<li>Strong project management skills and ability to lead energy efficiency projects.</li>\r\n</ul>\r\n<h4>Benefits:</h4>\r\n<ul>\r\n<li>Opportunities for professional development and continuous learning.</li>\r\n<li>Comprehensive health benefits, including medical, dental, and vision coverage.</li>\r\n<li>Retirement savings plan with company match.</li>\r\n<li>Paid time off and holiday benefits.</li>\r\n<li>A collaborative and supportive work environment focused on sustainability and innovation.</li>\r\n</ul>\r\n<p>Join our team and play a vital role in driving our sustainability initiatives and making a positive impact on the environment. Apply today and contribute to a greener and more energy-efficient future!</p>', '90000', '120000', '2', '2024-07-14 10:21:22', 35, 'Part Time', 'Negombo', 'Energy & Utilities', '2024-08-25'),
(175, 126, 'IT Support Intern', '<p><strong>Job Description:</strong><br />We are seeking a proactive IT Support Intern to provide technical support to users and assist with IT projects. This role involves troubleshooting technical issues, maintaining IT equipment, and gaining valuable hands-on experience in the IT field.</p>\r\n<p><strong>Key Responsibilities:</strong></p>\r\n<ul>\r\n<li><strong>Troubleshoot Issues:</strong> Identify and resolve technical issues reported by users, providing timely and effective solutions.</li>\r\n<li><strong>Maintain IT Equipment:</strong> Assist in the setup, maintenance, and repair of IT hardware and software.</li>\r\n<li><strong>Support IT Projects:</strong> Contribute to IT projects by providing technical support and assisting with various tasks as needed.</li>\r\n</ul>\r\n<p><strong>Qualifications:</strong></p>\r\n<ul>\r\n<li>Currently pursuing a degree in IT or a related field.</li>\r\n</ul>\r\n<p><strong>Preferred Skills:</strong></p>\r\n<ul>\r\n<li>Basic knowledge of IT concepts and systems.</li>\r\n<li>Strong communication skills to interact effectively with users and team members.</li>\r\n</ul>\r\n<p><strong>Benefits:</strong></p>\r\n<ul>\r\n<li>Hands-on experience in IT support and operations.</li>\r\n<li>Mentorship from experienced IT professionals.</li>\r\n</ul>', '15000', '20000', '0', '2024-07-19 10:28:36', 25, 'Internship', 'Matara', 'Information Technology', '2024-08-20'),
(176, 126, 'Software Tester', '<p><strong>Job Description:</strong><br />We are seeking an experienced Software Tester to join our team and ensure the quality and reliability of our software applications. The role involves testing software for bugs and issues, writing detailed test cases, executing tests, and reporting defects to support the development of high-quality software products.</p>\r\n<p><strong>Key Responsibilities:</strong></p>\r\n<ul>\r\n<li><strong>Write Test Cases:</strong> Develop comprehensive test cases based on requirements and specifications.</li>\r\n<li><strong>Execute Tests:</strong> Perform manual and automated testing to identify and document software defects.</li>\r\n<li><strong>Report Defects:</strong> Accurately report and track defects, working closely with development teams to resolve issues.</li>\r\n</ul>\r\n<p><strong>Qualifications:</strong></p>\r\n<ul>\r\n<li>Bachelor&rsquo;s degree in IT or a related field.</li>\r\n<li>2+ years of experience in software testing.</li>\r\n</ul>\r\n<p><strong>Preferred Skills:</strong></p>\r\n<ul>\r\n<li>Experience with both manual and automated testing techniques.</li>\r\n<li>Familiarity with testing tools and frameworks.</li>\r\n</ul>\r\n<p><strong>Benefits:</strong></p>\r\n<ul>\r\n<li>Training opportunities to enhance skills and knowledge.</li>\r\n<li>Flexible working hours to support work-life balance.</li>\r\n</ul>', '80000', '100000', '2', '2024-07-19 10:31:07', 35, 'Part Time', 'Matara', 'Information Technology', '2024-08-25'),
(177, 122, ' IT Support Specialist', '<p><strong>Job Description:</strong> We are looking for a dedicated IT Support Specialist to provide comprehensive technical support and ensure the smooth operation of our IT infrastructure. This role requires expertise in troubleshooting complex issues, managing IT systems, and providing exceptional customer service.</p>\r\n<p><strong>Key Responsibilities:</strong></p>\r\n<ul>\r\n<li><strong>Troubleshoot and Resolve Issues:</strong> Diagnose and resolve hardware, software, and network issues reported by users, ensuring minimal disruption to their work.</li>\r\n<li><strong>System Management:</strong> Oversee the installation, configuration, and maintenance of IT systems, including servers, workstations, and peripherals.</li>\r\n<li><strong>User Support:</strong> Provide assistance to end-users with technical problems, including remote support when necessary.</li>\r\n<li><strong>Documentation and Reporting:</strong> Maintain detailed records of support activities, including issue resolutions and system changes.</li>\r\n<li><strong>Collaborate with IT Team:</strong> Work with other IT professionals to implement improvements and upgrades to the IT infrastructure.</li>\r\n</ul>\r\n<p><strong>Qualifications:</strong></p>\r\n<ul>\r\n<li>Bachelor&rsquo;s degree in Information Technology, Computer Science, or a related field.</li>\r\n<li>Proven experience as an IT Support Specialist or similar role.</li>\r\n<li>Strong understanding of computer systems, mobile devices, and network infrastructure.</li>\r\n</ul>\r\n<p><strong>Preferred Skills:</strong></p>\r\n<ul>\r\n<li>Certifications such as CompTIA A+, Network+, or Microsoft Certified Professional (MCP) are advantageous.</li>\r\n<li>Excellent problem-solving skills and ability to work under pressure.</li>\r\n<li>Strong communication skills, with a focus on providing exceptional user support.</li>\r\n</ul>\r\n<p><strong>Benefits:</strong></p>\r\n<ul>\r\n<li>Competitive salary with performance-based incentives.</li>\r\n<li>Opportunity to work with cutting-edge technology and tools.</li>\r\n<li>Professional development and training opportunities.</li>\r\n<li>Health and wellness benefits.</li>\r\n</ul>', '70000', '120000', '2', '2024-07-23 13:21:05', 35, 'Full Time', 'Colombo', 'Accounting & Finance', '2024-08-30'),
(178, 126, 'IT Project Manager', '<p><strong>Job Description:</strong></p>\r\n<p>We are seeking an experienced IT Project Manager to lead and manage IT projects for our organization in Colombo. The ideal candidate will have a proven track record of delivering complex IT projects on time and within budget. This role requires strong leadership, communication, and organizational skills to ensure successful project outcomes and client satisfaction.</p>\r\n<p><strong>Key Responsibilities:</strong></p>\r\n<ul>\r\n<li>Lead and manage IT projects from initiation to completion, ensuring adherence to project timelines, budgets, and scope.</li>\r\n<li>Develop detailed project plans, including scope, objectives, timelines, resources, and risk management strategies.</li>\r\n<li>Coordinate with cross-functional teams, stakeholders, and clients to ensure clear communication and alignment on project goals.</li>\r\n<li>Monitor and report on project progress, identifying and addressing any issues or risks that may impact project success.</li>\r\n<li>Manage project budgets, track expenses, and ensure financial control throughout the project lifecycle.</li>\r\n<li>Ensure project deliverables meet quality standards and client expectations.</li>\r\n<li>Facilitate project meetings, presentations, and status reports to stakeholders and senior management.</li>\r\n<li>Implement and maintain project management best practices and methodologies.</li>\r\n</ul>\r\n<p><strong>Qualifications:</strong></p>\r\n<ul>\r\n<li>Bachelor&rsquo;s degree in Computer Science, Information Technology, Business Administration, or a related field. A Master&rsquo;s degree or relevant certifications (e.g., PMP, PRINCE2) is a plus.</li>\r\n<li>Proven experience in managing IT projects, with a strong understanding of project management methodologies and tools.</li>\r\n<li>Excellent organizational and multitasking skills, with the ability to lead and motivate project teams.</li>\r\n<li>Strong analytical and problem-solving abilities, with attention to detail and accuracy.</li>\r\n<li>Exceptional communication and interpersonal skills, with the ability to effectively engage with stakeholders at all levels.</li>\r\n</ul>\r\n<p><strong>Preferred Skills:</strong></p>\r\n<ul>\r\n<li>Experience with project management software (e.g., Microsoft Project, JIRA, Asana).</li>\r\n<li>Knowledge of software development life cycle (SDLC) and ITIL framework.</li>\r\n<li>Familiarity with Agile and Scrum methodologies.</li>\r\n<li>Ability to handle multiple projects simultaneously and adapt to changing priorities.</li>\r\n</ul>\r\n<p><strong>Benefits:</strong></p>\r\n<ul>\r\n<li>Competitive salary and performance-based bonuses.</li>\r\n<li>Health and wellness benefits, including medical insurance.</li>\r\n<li>Opportunities for professional development and career advancement.</li>\r\n<li>Flexible working hours and remote work options.</li>\r\n<li>Supportive and collaborative work environment.</li>\r\n</ul>', '150000', '250000', '5', '2024-07-28 13:33:16', 45, 'Full Time', 'Matara', 'Information Technology ', '2024-08-31'),
(179, 122, 'Associate Software Engineer', '<p>Job Description: As an Associate Software Engineer, you will be involved in designing, developing, and maintaining software applications. You will work closely with senior engineers to understand requirements and provide technical solutions that meet business needs.</p>\r\n<p>&nbsp;</p>\r\n<p>Key Responsibilities:</p>\r\n<ul>\r\n<li>Develop and maintain software applications.</li>\r\n<li>Collaborate with cross-functional teams to define and design new features.</li>\r\n<li>Write clean, scalable, and efficient code.</li>\r\n<li>Participate in code reviews and ensure adherence to coding standards.</li>\r\n<li>Troubleshoot and debug applications.</li>\r\n<li>Assist in the development of technical documentation.</li>\r\n</ul>\r\n<p>&nbsp;</p>\r\n<p>Qualifications:</p>\r\n<ul>\r\n<li>Bachelor\'s degree in Computer Science, Engineering, or a related field.</li>\r\n<li>Proven experience in software development through internships or academic projects.</li>\r\n<li>Strong understanding of programming languages such as Java, C#, Python, or JavaScript.</li>\r\n</ul>\r\n<p>&nbsp;</p>\r\n<p>Preferred Skills:</p>\r\n<ul>\r\n<li>Familiarity with web development frameworks (e.g., React, Angular, Django).</li>\r\n<li>Knowledge of databases and SQL.</li>\r\n<li>Experience with version control systems (e.g., Git).</li>\r\n<li>Strong problem-solving skills and attention to detail.</li>\r\n</ul>\r\n<p>&nbsp;</p>\r\n<p>Benefits:</p>\r\n<ul>\r\n<li>Competitive salary.</li>\r\n<li>Health and wellness benefits.</li>\r\n<li>Professional development opportunities.</li>\r\n<li>Flexible working hours.</li>\r\n<li>Opportunities for career advancement.</li>\r\n</ul>', '90000', '120000', '1', '2024-08-01 17:06:29', 30, 'Full Time', 'Colombo', 'Information Technology ', '2024-08-31'),
(180, 122, 'Junior Developer', '<p>Job Description: The Junior Developer will assist in the development and maintenance of software applications. This role is ideal for recent graduates who are eager to learn and grow in a collaborative environment.</p>\r\n<p>&nbsp;</p>\r\n<p>Key Responsibilities:</p>\r\n<p>Write and test code for new software applications.</p>\r\n<p>Modify existing software to fix bugs or improve performance.</p>\r\n<p>Assist in the design and implementation of software solutions.</p>\r\n<p>Participate in team meetings and provide input on technical discussions.</p>\r\n<p>Document software development processes and procedures.</p>\r\n<p>&nbsp;</p>\r\n<p>Qualifications:</p>\r\n<p>Bachelor\'s degree in Computer Science, Information Technology, or a related field.</p>\r\n<p>Basic understanding of programming languages and software development principles.</p>\r\n<p>Experience with programming languages such as Java, C++, or PHP is a plus.</p>\r\n<p>&nbsp;</p>\r\n<p>Preferred Skills:</p>\r\n<p>Knowledge of front-end and back-end development.</p>\r\n<p>Familiarity with Agile development methodologies.</p>\r\n<p>Strong analytical and problem-solving skills.</p>\r\n<p>Ability to work both independently and as part of a team.</p>\r\n<p>&nbsp;</p>\r\n<p>Benefits:</p>\r\n<p>Competitive salary.</p>\r\n<p>Health insurance coverage.</p>\r\n<p>Paid time off and holidays.</p>\r\n<p>Opportunities for professional growth and development.</p>', '60000', '70000', '', '2024-08-01 17:08:51', 28, 'Full Time', 'Colombo', 'Information Technology ', '2024-09-10'),
(185, 126, 'Front End Developer', '<p><strong>About Us:</strong></p>\r\n<p>Sapphire Technologies is a leading technology company dedicated to delivering innovative solutions and exceptional user experiences. We are seeking a talented Front End Developer to join our dynamic team and contribute to creating stunning, responsive web applications.</p>\r\n<p><strong>Responsibilities:</strong></p>\r\n<ul>\r\n<li>Collaborate with designers and back-end developers to translate UI/UX design wireframes into functional web applications.</li>\r\n<li>Develop and maintain user-facing features using HTML, CSS, and JavaScript.</li>\r\n<li>Optimize web applications for maximum speed and scalability.</li>\r\n<li>Ensure the technical feasibility of UI/UX designs and implement responsive design principles.</li>\r\n<li>Troubleshoot and debug issues to ensure a seamless user experience across different devices and browsers.</li>\r\n<li>Stay up-to-date with emerging web technologies and industry trends to incorporate new techniques into projects.</li>\r\n<li>Write clean, maintainable, and efficient code, following best practices and coding standards.</li>\r\n</ul>\r\n<p><strong>Requirements:</strong></p>\r\n<ul>\r\n<li>Bachelor&rsquo;s degree in Computer Science, Web Development, or a related field (or equivalent experience).</li>\r\n<li>Proven experience as a Front End Developer or similar role.</li>\r\n<li>Proficiency in HTML, CSS, and JavaScript.</li>\r\n<li>Experience with front-end frameworks such as React, Angular, or Vue.js.</li>\r\n<li>Familiarity with version control systems like Git.</li>\r\n<li>Knowledge of responsive design principles and cross-browser compatibility.</li>\r\n<li>Strong problem-solving skills and attention to detail.</li>\r\n<li>Excellent communication and teamwork skills.</li>\r\n</ul>\r\n<p><strong>Preferred Skills:</strong></p>\r\n<ul>\r\n<li>Experience with CSS pre-processors like Sass or LESS.</li>\r\n<li>Familiarity with build tools and task runners such as Webpack, Gulp, or Grunt.</li>\r\n<li>Understanding of RESTful APIs and integration.</li>\r\n<li>Experience with UI/UX design tools such as Sketch, Figma, or Adobe XD.</li>\r\n</ul>\r\n<p><strong>What We Offer:</strong></p>\r\n<ul>\r\n<li>Competitive salary and benefits package.</li>\r\n<li>Opportunities for professional growth and development.</li>\r\n<li>Collaborative and inclusive work environment.</li>\r\n<li>[Any additional perks or benefits Sapphire Technologies offers].</li>\r\n</ul>', '65000', '75000', '0', '2024-08-09 15:30:37', 30, 'Full Time', 'Colombo', 'Information Technology', '2024-08-25');

-- --------------------------------------------------------

--
-- Table structure for table `mailbox`
--

CREATE TABLE `mailbox` (
  `id_mailbox` int(11) NOT NULL,
  `id_fromuser` int(11) NOT NULL,
  `fromuser` varchar(255) NOT NULL,
  `id_touser` int(11) NOT NULL,
  `subject` varchar(255) NOT NULL,
  `message` text NOT NULL,
  `createdAt` timestamp NOT NULL DEFAULT current_timestamp()
) ENGINE=InnoDB DEFAULT CHARSET=latin1 COLLATE=latin1_swedish_ci;

--
-- Dumping data for table `mailbox`
--

INSERT INTO `mailbox` (`id_mailbox`, `id_fromuser`, `fromuser`, `id_touser`, `subject`, `message`, `createdAt`) VALUES
(30, 122, 'company', 144, 'Congratulations! You\'re Selected for the UI/UX Designer Position at Tech Solutions Pvt Ltd', '<p>Dear Nimasha Jayasinghe,</p>\r\n<p>I hope this message finds you well.</p>\r\n<p>I am pleased to inform you that after careful consideration and review of your application and interview, we have selected you for the UI/UX Designer position at Tech Solutions Pvt Ltd. Your skills, experience, and enthusiasm make you an excellent fit for our team, and we are excited to welcome you aboard.</p>\r\n<p>Here are the details of your offer:</p>\r\n<p>Position: UI/UX Designer<br />Department: Design<br />Location: 123 Innovation Drive, Colombo, Sri Lanka<br />Salary: As provided in the job description</p>\r\n<p>Please review the attached offer letter for more details regarding your employment terms and conditions. We kindly request you to sign and return the offer letter by July 1, 2024 to confirm your acceptance of this position.</p>\r\n<p>If you have any questions or need further information, feel free to reply to this message or contact me directly at 0112345678.</p>\r\n<p>We look forward to having you join our team and contribute to the continued success of Tech Solutions Pvt Ltd.</p>\r\n<p>Congratulations once again!</p>\r\n<p>Best regards,</p>\r\n<p>Arjuna Perera,<br />HR Manager,<br />Tech Solutions Pvt Ltd.<br />0112345678</p>', '2024-06-29 16:54:19'),
(31, 122, 'company', 140, ' Invitation for Interview at Tech Solutions Pvt Ltd for Software Developer Position', '<p>Dear Samantha Perera,</p>\r\n<p>I hope this message finds you well.</p>\r\n<p>We are pleased to inform you that your application for the Software Developer position at Tech Solutions Pvt Ltd has been reviewed, and we are impressed by your qualifications and experience.</p>\r\n<p>We would like to invite you for an interview to further discuss your suitability for this role. The interview details are as follows:</p>\r\n<p><strong>Date:</strong>&nbsp;14th July 2024<br /><strong>Time: </strong>9:30 am<br /><strong>Location:</strong> Tech Solutions Pvt Ltd,<span style=\"color: #333333; font-family: \'Source Sans Pro\', \'Helvetica Neue\', Helvetica, Arial, sans-serif;\">123 Innovation Drive, Colombo, Sri Lanka</span></p>\r\n<p>Please bring a copy of your resume and any other relevant documents to the interview. If you have any questions or need to reschedule, feel free to contact us at [Insert Contact Information].</p>\r\n<p>We look forward to meeting you and discussing how you can contribute to our team.</p>\r\n<p>Best regards,</p>\r\n<p><span style=\"color: #333333; font-family: \'Source Sans Pro\', \'Helvetica Neue\', Helvetica, Arial, sans-serif;\">Arjuna Perera,</span><br style=\"box-sizing: border-box; color: #333333; font-family: \'Source Sans Pro\', \'Helvetica Neue\', Helvetica, Arial, sans-serif;\" /><span style=\"color: #333333; font-family: \'Source Sans Pro\', \'Helvetica Neue\', Helvetica, Arial, sans-serif;\">HR Manager,</span><br style=\"box-sizing: border-box; color: #333333; font-family: \'Source Sans Pro\', \'Helvetica Neue\', Helvetica, Arial, sans-serif;\" /><span style=\"color: #333333; font-family: \'Source Sans Pro\', \'Helvetica Neue\', Helvetica, Arial, sans-serif;\">Tech Solutions Pvt Ltd.</span><br style=\"box-sizing: border-box; color: #333333; font-family: \'Source Sans Pro\', \'Helvetica Neue\', Helvetica, Arial, sans-serif;\" /><span style=\"color: #333333; font-family: \'Source Sans Pro\', \'Helvetica Neue\', Helvetica, Arial, sans-serif;\">0112345678</span></p>', '2024-07-10 09:21:15'),
(32, 128, 'company', 141, 'Invitation for Interview at Innovative Enterprises for Digital Marketing Consultant Position', '<p>Dear Rajitha Fernando,</p>\r\n<p>I hope this email finds you well.</p>\r\n<p>We are pleased to inform you that your application for the Digital Marketing Consultant position at Innovative Enterprises has been reviewed, and we are impressed by your qualifications and experience.</p>\r\n<p>We would like to invite you for an interview to further discuss your suitability for this role. The interview details are as follows:</p>\r\n<p><strong>Date:</strong> July 20, 2024<br /><strong>Time:</strong> 10:00 AM<br /><strong>Location:</strong> Innovative Enterprises, No. 123, Peradeniya Road, Kandy, Sri Lanka</p>\r\n<p>Please bring a copy of your resume and any other relevant documents to the interview. If you have any questions or need to reschedule, feel free to contact us at +94 81 234 5678 or via email at <a rel=\"noreferrer\">hr@innovativeenterprises.lk</a>.</p>\r\n<p>We look forward to meeting you and discussing how you can contribute to our team.</p>\r\n<p>Best regards,</p>\r\n<p>Chandana Weerasinghe<br />HR Manager<br />Innovative Enterprises<br />No. 123, Peradeniya Road, Kandy, Sri Lanka<br />+94 81 234 5678<br /><a rel=\"noreferrer\">hr@innovativeenterprises.lk</a></p>', '2024-07-14 10:01:55'),
(33, 124, 'company', 148, 'Application Update for Sales Executive Position at Lanka Foods Pvt Ltd', '<p><strong>Dear Lalitha Kumarasinghe,</strong></p>\r\n<p>We are pleased to inform you that your application for the Sales Executive position at Lanka Foods Pvt Ltd has been reviewed and selected for the next stage of our hiring process.</p>\r\n<p>Thank you for your interest in joining our team. We were impressed by your qualifications and experience and would like to invite you to the next phase, which includes a personal interview. This will give us an opportunity to learn more about your skills and discuss how they align with the goals of our company.</p>\r\n<p>Please respond to this email with your availability for the interview over the next week. We will then schedule a convenient time for you to meet with our hiring team.</p>\r\n<p>If you have any questions or need further information, feel free to contact us.</p>\r\n<p>Thank you once again for your application. We look forward to speaking with you soon.</p>\r\n<p>Best regards,</p>\r\n<p>Kumara Silva<br />HR Manager<br />Lanka Foods Pvt Ltd<br />Phone: +94 11 123 4567<br />Email: <a rel=\"noreferrer\">hr@lankafoods.com</a></p>', '2024-07-15 10:18:35'),
(34, 126, 'company', 147, ' Application Selection for Data Scientist Position at Sapphire Technologies', '<p>Dear Dinesh Mendis,</p>\r\n<p>We are excited to inform you that your application for the Data Scientist position at Sapphire Technologies has been successfully reviewed and selected for the next stage of our hiring process.</p>\r\n<p>We were impressed by your qualifications and experience and would like to invite you to the next phase, which involves a personal interview. This will provide an opportunity to further discuss your skills and how they align with our team&rsquo;s goals.</p>\r\n<p>Please reply to this mail with your availability over the next week so we can schedule a convenient time for the interview. If you have any questions or need additional information, please do not hesitate to reach out.</p>\r\n<p>Thank you once again for your interest in joining Sapphire Technologies. We look forward to meeting with you soon.</p>\r\n<p>Best regards,</p>\r\n<p>HR Manager<br />Sapphire Technologies<br />Phone: +94 11 234 5678<br />Email: <a rel=\"noreferrer\">hr@sapphiretech.com</a></p>', '2024-07-18 10:43:46'),
(35, 125, 'company', 146, 'Application Selection for HR Manager Position at Ceylon Textiles', '<p>Dear&nbsp;Priyanka De Silva,</p>\r\n<p>We are pleased to inform you that your application for the HR Manager position at Ceylon Textiles has been successfully reviewed and selected for the next stage of our hiring process.</p>\r\n<p>Thank you for your interest in joining our team. We were impressed by your qualifications and experience. We will send you an email or inform you about the further details regarding the next steps in the hiring process shortly.</p>\r\n<p>If you have any questions or need additional information, please do not hesitate to reach out.</p>\r\n<p>Thank you once again for your interest in Ceylon Textiles. We look forward to the possibility of working together.</p>\r\n<p>Best regards,</p>\r\n<p>Sanduni Wijesinghe<br />Ceylon Textiles<br />Phone: +94 214455667<br />Email: <a rel=\"noreferrer\">sales@ceylontextiles.lk</a><br />Website:ceylontextiles.lk</p>', '2024-07-22 17:38:25'),
(36, 128, 'company', 142, 'Application Update for Content Writer Position at Innovative Enterprises', '<p>Dear Chathurika Gunawardena,</p>\r\n<p>We are pleased to inform you that your application for the Content Writer position at Innovative Enterprises has been successfully reviewed and selected for the next stage of our hiring process.</p>\r\n<p>Thank you for your interest in joining our team. We were impressed by your qualifications and experience. We will send you an email or inform you about the further details regarding the next steps in the hiring process shortly.</p>\r\n<p>If you have any questions or need additional information, please do not hesitate to reach out.</p>\r\n<p>Thank you once again for your interest in Innovative Enterprises. We look forward to the possibility of working together.</p>\r\n<p>Best regards,</p>\r\n<p><br />HR Manager<br />Innovative Enterprises<br />Phone: 0812233445<br />Email: <a rel=\"noreferrer\">hr@innovativeenterprises.com</a><br />Website: <a href=\"http://www.innovativeenterprises.com\" target=\"_new\" rel=\"noreferrer\">www.innovative.lk</a></p>', '2024-07-24 07:48:36'),
(38, 122, 'company', 151, 'Interview Invitation for IT Intern Position at Tech Solutions Pvt Ltd', '<p>Dear Ms Ananth ,</p>\r\n<p>We are pleased to inform you that your application for the IT Intern role at Tech Solutions Pvt Ltd has been shortlisted. We were impressed with your qualifications and are excited to move forward with the next step in our hiring process.</p>\r\n<p>We would like to invite you to an interview on August 23rd at 10:00 AM. The interview will be held at our office located at:</p>\r\n<p>123 Innovation Drive.</p>\r\n<p>Colombo- 02, Sri Lanka</p>\r\n<p>Please ensure that you are available on the specified date and time. Kindly bring any necessary documents and materials that you believe will support your application.</p>\r\n<p>If you have any questions or require further information, feel free to contact us at contact@techsolutions.lk or call us at 0112345678.</p>\r\n<p>We look forward to meeting you and discussing your potential future with our team.</p>\r\n<p>Best regards,</p>\r\n<p>HR Manager</p>\r\n<p>Tech Solutions Pvt Ltd</p>\r\n<p>0112345678</p>\r\n<p>www.techsolutions.lk</p>', '2024-08-09 15:44:33');

-- --------------------------------------------------------

--
-- Table structure for table `reply_mailbox`
--

CREATE TABLE `reply_mailbox` (
  `id_reply` int(11) NOT NULL,
  `id_mailbox` int(11) NOT NULL,
  `id_user` int(11) NOT NULL,
  `usertype` varchar(255) NOT NULL,
  `id_touser` int(11) NOT NULL,
  `message` text NOT NULL,
  `createdAt` timestamp NOT NULL DEFAULT current_timestamp()
) ENGINE=InnoDB DEFAULT CHARSET=latin1 COLLATE=latin1_swedish_ci;

--
-- Dumping data for table `reply_mailbox`
--

INSERT INTO `reply_mailbox` (`id_reply`, `id_mailbox`, `id_user`, `usertype`, `id_touser`, `message`, `createdAt`) VALUES
(89, 30, 144, 'user', 122, '<p>Dear Arjuna Perera,</p>\r\n<p>Thank you very much for the wonderful news! I am excited to accept the offer for the UI/UX Designer position at Tech Solutions Pvt Ltd. I am eager to contribute to the team and start this new chapter.</p>\r\n<p>I have reviewed the offer details and am pleased with the terms. I will sign and return the offer letter by July 1, 2024, as requested. If there are any additional forms or documents I need to complete, please let me know.</p>\r\n<p>Thank you again for this opportunity. I look forward to joining the team and working together.</p>\r\n<p>Best regards,<br />Nimasha Jayasinghe<br />0776543210</p>', '2024-06-29 17:01:40'),
(90, 30, 122, 'company', 144, '<p>Dear Nimisha Jayasinghe,</p>\r\n<p>Thank you for your prompt response and for accepting the offer for the UI/UX Designer position at Tech Solutions Pvt Ltd. We are thrilled to have you join our team!</p>\r\n<p>We have received your acceptance and will process the necessary paperwork. As mentioned, please return the signed offer letter by July 1, 2024. If you need any assistance or have any further questions, do not hesitate to reach out.</p>\r\n<p>In the meantime, we will send you additional onboarding details, including information about preparatory materials.</p>\r\n<p>Once again, congratulations, and we look forward to welcoming you.</p>\r\n<p>Best regards,</p>\r\n<p>Arjuna Perera<br />HR Manager<br />Tech Solutions Pvt Ltd<br />0112345678</p>', '2024-06-29 17:04:27'),
(91, 30, 144, 'user', 122, '<p>Dear Arjuna Perera,</p>\r\n<p>Thank you for your confirmation. I look forward to receiving the onboarding details and will be sure to review and complete any additional information required.</p>\r\n<p>I appreciate the warm welcome and am excited to work with you.</p>\r\n<p>Best regards,</p>\r\n<p>Nimisha Jayasinghe</p>', '2024-06-29 17:07:20'),
(92, 31, 140, 'user', 122, '<p>Dear sir,</p>\r\n<p>Thank you for considering my application and extending the invitation for an interview. I am delighted to have the opportunity to discuss the Software Developer position at Tech Solutions Pvt Ltd further.</p>\r\n<p>I confirm my availability for the interview on 14th July 2024 at 9:30am. I will bring a copy of my resume and the relevant documents as requested.</p>\r\n<p>If there are any additional details or preparations I need to be aware of before the interview, please let me know.</p>\r\n<p>Thank you once again for this opportunity. I look forward to meeting you.</p>\r\n<p>Best regards,</p>\r\n<p>Samantha Perera</p>', '2024-07-10 09:36:12'),
(93, 31, 122, 'company', 140, '<p>Dear Samantha Perera,</p>\r\n<p>Thank you for confirming your availability for the interview. We look forward to meeting you on&nbsp;<span style=\"color: #333333; font-family: \'Source Sans Pro\', \'Helvetica Neue\', Helvetica, Arial, sans-serif;\">14th July 2024 at 9:30am</span>.</p>\r\n<p>Please report to the reception upon your arrival, and you will be guided to the interview room. If you have any further questions or need assistance with directions, feel free to contact us.</p>\r\n<p>Best regards,</p>\r\n<p><span style=\"box-sizing: border-box; color: #333333; font-family: \'Source Sans Pro\', \'Helvetica Neue\', Helvetica, Arial, sans-serif;\">Arjuna Perera,</span><br style=\"box-sizing: border-box; color: #333333; font-family: \'Source Sans Pro\', \'Helvetica Neue\', Helvetica, Arial, sans-serif;\" /><span style=\"box-sizing: border-box; color: #333333; font-family: \'Source Sans Pro\', \'Helvetica Neue\', Helvetica, Arial, sans-serif;\">HR Manager,</span><br style=\"box-sizing: border-box; color: #333333; font-family: \'Source Sans Pro\', \'Helvetica Neue\', Helvetica, Arial, sans-serif;\" /><span style=\"box-sizing: border-box; color: #333333; font-family: \'Source Sans Pro\', \'Helvetica Neue\', Helvetica, Arial, sans-serif;\">Tech Solutions Pvt Ltd.</span><br style=\"box-sizing: border-box; color: #333333; font-family: \'Source Sans Pro\', \'Helvetica Neue\', Helvetica, Arial, sans-serif;\" /><span style=\"box-sizing: border-box; color: #333333; font-family: \'Source Sans Pro\', \'Helvetica Neue\', Helvetica, Arial, sans-serif;\">0112345678</span></p>', '2024-07-10 09:39:21'),
(94, 31, 140, 'user', 122, '<p>Dear sir,</p>\r\n<p>Thank you for the additional information. I look forward to meeting you and the team on 14th July.</p>\r\n<p>Best regards,</p>\r\n<p>Samantha Perera</p>', '2024-07-10 09:41:25'),
(95, 32, 141, 'user', 128, '<p>Dear Chandana Weerasinghe,</p>\r\n<p>Thank you for considering my application and inviting me for an interview. I am delighted to have the opportunity to discuss the Digital Marketing Consultant position at Innovative Enterprises.</p>\r\n<p>I confirm my availability for the interview on July 20, 2024, at 10:00 AM. I will bring a copy of my resume and the relevant documents as requested.</p>\r\n<p>If there are any additional details or preparations I need to be aware of before the interview, please let me know.</p>\r\n<p>Thank you once again for this opportunity. I look forward to meeting you.</p>\r\n<p>Best regards,</p>\r\n<p>Rajitha Fernando</p>\r\n<p><span style=\"font-family: sans-serif; font-size: 13.12px; white-space-collapse: preserve;\">0779876543</span></p>', '2024-07-15 10:05:05'),
(96, 32, 128, 'company', 141, '<p>Dear Rajitha,</p>\r\n<p>Thank you for confirming your availability for the interview. We look forward to meeting you on July 20 2024, at 10:00 AM.</p>\r\n<p>Please report to the reception upon your arrival, and you will be guided to the interview room. If you have any further questions or need assistance with directions, feel free to contact us.</p>\r\n<p>Best regards,</p>\r\n<p>Chandana Weerasinghe<br />HR Manager<br />Innovative Enterprises<br />No. 123, Peradeniya Road, Kandy, Sri Lanka<br />+94 81 234 5678<br /><a rel=\"noreferrer\">hr@innovativeenterprises.lk</a></p>', '2024-07-15 10:08:33'),
(97, 33, 148, 'user', 124, '<p><strong>Dear Kumara Silva,</strong></p>\r\n<p>Thank you for the update regarding my application for the Sales Executive position at Lanka Foods Pvt Ltd. I am delighted to hear that my application has been selected for the next stage.</p>\r\n<p>I am available for an interview at your convenience over the next week. Please let me know the available time slots, and I will do my best to accommodate them.</p>\r\n<p>If there are any additional details or documents needed before the interview, please let me know.</p>\r\n<p>Thank you once again for this opportunity. I look forward to discussing how my skills and experience align with the goals of Lanka Foods Pvt Ltd.</p>\r\n<p>Best regards,</p>\r\n<p>Lalitha Kumarasinghe<br />Phone: +94&nbsp;<span style=\"font-family: sans-serif; font-size: 13.12px; white-space-collapse: preserve;\">717894561</span><br />Email: <a rel=\"noreferrer\">lalitha.kumarasinghe@gmail.com</a></p>', '2024-07-15 13:20:54'),
(98, 33, 124, 'company', 148, '<p><strong>Dear Lalitha Kumarasinghe,</strong></p>\n<p>Thank you for your prompt response. We are pleased to schedule your interview for the Sales Executive position.</p>\n<p>We have available slots for the interview on July 22, 2024 at 10:30 AM or July 23, 2024 at 10:00 AM. Please let us know which time works best for you, or if you require any adjustments.</p>\n<p>The interview will be held at our office located at [insert office address]. If you prefer a virtual interview, please inform us, and we will arrange a video call instead.</p>\n<p>If you have any further questions or need additional information, please feel free to reach out.</p>\n<p>We look forward to meeting with you soon.</p>\n<p>Best regards,</p>\n<p>Kumara Silva<br />HR Manager<br />Lanka Foods Pvt Ltd<br />Phone: +94 11 123 4567<br />Email: <a rel=\"noreferrer\">hr@lankafoods.com</a></p>', '2024-07-15 13:22:59'),
(99, 33, 148, 'user', 124, '<p><strong>Dear Kumara Silva,</strong></p>\r\n<p>Thank you for providing the interview options. I am available for the interview on July 23, 2024 at 10 AM.</p>\r\n<p>Please let me know if there are any specific preparations or documents I should bring. I would also prefer a virtual interview if possible. If you could provide the necessary details or link for the video call, that would be great.</p>\r\n<p>Thank you again for the opportunity. I look forward to speaking with you.</p>\r\n<p>Best regards,</p>\r\n<p>Lalitha Kumarasinghe</p>\r\n<p><span style=\"color: #333333; font-family: \'Source Sans Pro\', \'Helvetica Neue\', Helvetica, Arial, sans-serif;\">Phone: +94&nbsp;</span><span style=\"box-sizing: border-box; color: #333333; white-space-collapse: preserve; font-family: sans-serif; font-size: 13.12px;\">717894561</span><br style=\"box-sizing: border-box; color: #333333; font-family: \'Source Sans Pro\', \'Helvetica Neue\', Helvetica, Arial, sans-serif;\" /><span style=\"color: #333333; font-family: \'Source Sans Pro\', \'Helvetica Neue\', Helvetica, Arial, sans-serif;\">Email:&nbsp;</span><a style=\"box-sizing: border-box; color: #3c8dbc; font-family: \'Source Sans Pro\', \'Helvetica Neue\', Helvetica, Arial, sans-serif;\" rel=\"noreferrer\">lalitha.kumarasinghe@gmail.com</a></p>', '2024-07-15 13:24:38'),
(100, 33, 124, 'company', 148, '<p><strong>Dear Lalitha Kumarasinghe,</strong></p>\r\n<p>Thank you for your response. We have scheduled your interview for chosen date and time.</p>\r\n<p>If you need further assistance, feel free to reach out.</p>\r\n<p>We look forward to speaking with you then.</p>\r\n<p>Best regards,</p>\r\n<p>Kumara Silva<br />HR Manager<br />Lanka Foods Pvt Ltd<br />Phone: +94 11 123 4567<br />Email: <a rel=\"noreferrer\">hr@lankafoods.com</a></p>', '2024-07-15 13:27:26'),
(101, 33, 148, 'user', 124, '<p><strong>Dear Kumara Silva,</strong></p>\r\n<p>Thank you for the confirmation.</p>\r\n<p>Thank you once again for this opportunity. I look forward to our conversation.</p>\r\n<p>Best regards,</p>\r\n<p>Lalitha Kumarasinghe</p>', '2024-07-15 13:28:49'),
(102, 34, 147, 'user', 126, '<p>Dear Sir,</p>\r\n<p>Thank you for the update regarding my application for the Data Scientist position. I am thrilled to have been selected for the next stage.</p>\r\n<p>I am available for an interview on 22, 23, 24   July 2024 over the next week. Please let me know which of these options works best for you, or if there are any alternative time slots that you would recommend.</p>\r\n<p>If there are any specific preparations or documents I should bring, please let me know. I am looking forward to discussing how my skills and experience align with the goals of Sapphire Technologies.</p>\r\n<p>Thank you again for this opportunity. I look forward to your response.</p>\r\n<p>Best regards,</p>\r\n<p>Dinesh Mendis<br />Phone: +94&nbsp;<span style=\"font-family: sans-serif; font-size: 13.12px; white-space-collapse: preserve;\">773214567</span><br />Email: <a rel=\"noreferrer\">dinesh.mendis@gmail.com</a></p>', '2024-07-19 04:46:24'),
(103, 34, 126, 'company', 147, '<p>Dear Dinesh Mendis,</p>\r\n<p>Thank you for your prompt response. We have scheduled your interview for the Data Scientist position on 22 July 2024 at 10:30 AM.</p>\r\n<p>The interview will be conducted via Zoom. You can join the meeting using the following link: <a target=\"_new\" rel=\"noreferrer\">https://zoom.us/j/1234567890</a></p>\r\n<p>Please ensure you have Zoom installed and tested before the interview. If you have any issues or need further assistance, feel free to reach out.</p>\r\n<p>We look forward to our conversation and learning more about how your background and skills align with our team.</p>\r\n<p>Thank you once again for your interest in Sapphire Technologies.</p>\r\n<p>Best regards,</p>\r\n<p>HR Manager<br />Sapphire Technologies<br />Phone: +94 11 234 5678<br />Email: <a rel=\"noreferrer\">hr@sapphiretech.com</a></p>', '2024-07-19 10:51:10'),
(104, 34, 147, 'user', 126, '<p>Dear Sir,</p>\r\n<p>Thank you for providing the Zoom link and confirming the interview details. I have noted the scheduled date and time for the interview on 22 July 2024 at 10:30 AM.</p>\r\n<p>I will ensure that I have Zoom installed and tested before the interview. If there are any specific preparations or additional information needed, please let me know.</p>\r\n<p>Thank you once again for this opportunity. I look forward to our conversation.</p>\r\n<p>Best regards,</p>\r\n<p>Dinesh Mendis<br /><span style=\"color: #333333; font-family: \'Source Sans Pro\', \'Helvetica Neue\', Helvetica, Arial, sans-serif;\">Phone: +94&nbsp;</span><span style=\"box-sizing: border-box; color: #333333; white-space-collapse: preserve; font-family: sans-serif; font-size: 13.12px;\">773214567</span><br style=\"box-sizing: border-box; color: #333333; font-family: \'Source Sans Pro\', \'Helvetica Neue\', Helvetica, Arial, sans-serif;\" /><span style=\"color: #333333; font-family: \'Source Sans Pro\', \'Helvetica Neue\', Helvetica, Arial, sans-serif;\">Email:&nbsp;</span><a style=\"box-sizing: border-box; color: #3c8dbc; font-family: \'Source Sans Pro\', \'Helvetica Neue\', Helvetica, Arial, sans-serif;\" rel=\"noreferrer\">dinesh.mendis@gmail.com</a></p>', '2024-07-19 11:53:20'),
(105, 35, 146, 'user', 125, '<p>Dear Madam,</p>\r\n<p>Thank you for informing me about the status of my application for the HR Manager position. I am delighted to hear that I have been selected for the next stage.</p>\r\n<p>I look forward to receiving further details about the next steps in the hiring process. Please let me know if there is anything specific I should prepare in the meantime.</p>\r\n<p>Thank you once again for this opportunity. I am excited about the possibility of joining the Ceylon Textiles team.</p>\r\n<p>Best regards,</p>\r\n<p><span style=\"color: #333333; font-family: \'Source Sans Pro\', \'Helvetica Neue\', Helvetica, Arial, sans-serif;\">&nbsp;Priyanka De Silva</span><br />Phone:&nbsp;<span style=\"font-family: sans-serif; font-size: 13.12px; white-space-collapse: preserve;\">0783214567</span><br />Email:&nbsp;<span style=\"font-family: sans-serif; font-size: 13.12px; white-space-collapse: preserve;\">priyanka.desilva@gmail.com</span></p>', '2024-07-22 17:55:21'),
(106, 36, 142, 'user', 128, '<p>Dear HR Manager,</p>\r\n<p>Thank you for informing me about the status of my application for the Content Writer position. I am thrilled to hear that I have been selected for the next stage.</p>\r\n<p>I look forward to receiving further details about the next steps in the hiring process. Please let me know if there is anything specific I should prepare in the meantime.</p>\r\n<p>Thank you once again for this opportunity. I am excited about the possibility of joining the Innovative Enterprises team.</p>\r\n<p>Best regards,</p>\r\n<p>Chathurika Gunawardena<br />Email: <a rel=\"noreferrer\">chathurika.gunawardaena@gmail.com</a></p>', '2024-07-24 17:50:07'),
(107, 36, 128, 'company', 142, '<p>Dear Chathurika Gunawardena,</p>\r\n<p>Thank you for your prompt response and for confirming your interest in the Content Writer position at Innovative Enterprises.</p>\r\n<p>We are delighted to proceed with the next steps. Your interview has been scheduled for 29 July 2024 at 11.00 AM. The interview will be conducted via Zoom. You can join the meeting using the following link: <a target=\"_new\" rel=\"noreferrer\">https://zoom.us/j/1234567890</a>. Please ensure you have Zoom installed and tested before the interview.</p>\r\n<p>If you have any issues or need further assistance, feel free to reach out. Additionally, please prepare a portfolio of your writing samples to discuss during the interview.</p>\r\n<p>We look forward to our conversation and learning more about how your background and skills align with our team.</p>\r\n<p>Thank you once again for your interest in Innovative Enterprises.</p>\r\n<p>Best regards,</p>\r\n<p><br />HR Manager<br />Innovative Enterprises<br /><span style=\"color: #333333; font-family: \'Source Sans Pro\', \'Helvetica Neue\', Helvetica, Arial, sans-serif;\">Phone: 0812233445</span><br style=\"box-sizing: border-box; color: #333333; font-family: \'Source Sans Pro\', \'Helvetica Neue\', Helvetica, Arial, sans-serif;\" /><span style=\"color: #333333; font-family: \'Source Sans Pro\', \'Helvetica Neue\', Helvetica, Arial, sans-serif;\">Email:&nbsp;</span><a style=\"box-sizing: border-box; color: #3c8dbc; font-family: \'Source Sans Pro\', \'Helvetica Neue\', Helvetica, Arial, sans-serif;\" rel=\"noreferrer\">hr@innovativeenterprises.com</a><br style=\"box-sizing: border-box; color: #333333; font-family: \'Source Sans Pro\', \'Helvetica Neue\', Helvetica, Arial, sans-serif;\" /><span style=\"color: #333333; font-family: \'Source Sans Pro\', \'Helvetica Neue\', Helvetica, Arial, sans-serif;\">Website:&nbsp;</span><a style=\"box-sizing: border-box; color: #3c8dbc; text-decoration-line: none; font-family: \'Source Sans Pro\', \'Helvetica Neue\', Helvetica, Arial, sans-serif;\" href=\"http://www.innovativeenterprises.com/\" target=\"_new\" rel=\"noreferrer\">www.innovative.lk</a></p>', '2024-07-26 07:53:26'),
(108, 36, 142, 'user', 128, '<p>Dear HR Manager<strong>,</strong></p>\r\n<p>Thank you for providing the interview details. I have noted the scheduled date and time for the interview on&nbsp;<span style=\"color: #333333; font-family: \'Source Sans Pro\', \'Helvetica Neue\', Helvetica, Arial, sans-serif;\">29 July 2024 at 11.00 AM</span>.</p>\r\n<p>I will ensure that I have Zoom installed and tested before the interview. Additionally, I will prepare and have my writing portfolio ready for our discussion.</p>\r\n<p>Thank you once again for this opportunity. I look forward to our conversation.</p>\r\n<p>Best regards,</p>\r\n<p>Chathurika Gunawardena</p>\r\n<p><span style=\"color: #333333; font-family: \'Source Sans Pro\', \'Helvetica Neue\', Helvetica, Arial, sans-serif;\">Email:&nbsp;</span><a style=\"box-sizing: border-box; color: #3c8dbc; font-family: \'Source Sans Pro\', \'Helvetica Neue\', Helvetica, Arial, sans-serif;\" rel=\"noreferrer\">chathurika.gunawardaena@gmail.com</a></p>', '2024-07-26 10:55:06'),
(109, 38, 151, 'user', 122, '<p>Dear Sir,</p>\r\n<p>Thank you for considering my application and for inviting me to interview for the IT Intern position at Tech Solutions Pvt Ltd. I am delighted to have the opportunity to discuss my qualifications further.</p>\r\n<p>I confirm my availability for the interview on August 23rd at 10:00 AM and will be sure to bring any necessary documents and materials.</p>\r\n<p>If there are any specific items or documents you would like me to bring, please let me know. Should there be any changes or additional information required before the interview, please do not hesitate to contact me.</p>\r\n<p>Thank you once again for this opportunity. I look forward to meeting you and the team.</p>\r\n<p>Best regards,</p>\r\n<p>Utheshini Ananth</p>\r\n<p>&nbsp;</p>', '2024-08-09 15:50:09'),
(110, 38, 122, 'company', 151, '<p>Dear Ms Ananth ,</p>\r\n<p>Thank you for your prompt response and for confirming your availability for the interview on August 23rd. We look forward to meeting you and discussing your application further.</p>\r\n<p>There is no need to bring any specific items beyond your resume and any other supporting documents you feel are relevant. If you have any questions or need further information before the interview, please feel free to reach out.</p>\r\n<p>See you on August 23rd at 10:00 AM at our office located at 123 Innovation Drive, Colombo, Sri Lanka.</p>\r\n<p>Best regards,</p>\r\n<p>HR Manager</p>\r\n<p>Tech Solutions Pvt Ltd</p>\r\n<p>0112345678</p>\r\n<p>www.techsolutions.lk</p>', '2024-08-09 15:51:10');

-- --------------------------------------------------------

--
-- Table structure for table `saved_jobs`
--

CREATE TABLE `saved_jobs` (
  `id` int(11) NOT NULL,
  `user_id` int(11) NOT NULL,
  `job_id` int(11) NOT NULL,
  `created_at` timestamp NOT NULL DEFAULT current_timestamp()
) ENGINE=InnoDB DEFAULT CHARSET=utf8mb4 COLLATE=utf8mb4_general_ci;

--
-- Dumping data for table `saved_jobs`
--

INSERT INTO `saved_jobs` (`id`, `user_id`, `job_id`, `created_at`) VALUES
(38, 140, 153, '2024-06-10 15:23:02'),
(39, 144, 153, '2024-06-28 15:42:45'),
(40, 144, 154, '2024-06-28 15:42:50'),
(41, 146, 165, '2024-07-04 14:05:36'),
(42, 141, 166, '2024-07-07 15:29:59'),
(43, 141, 170, '2024-07-07 15:30:48'),
(51, 147, 161, '2024-07-10 09:00:29'),
(52, 148, 159, '2024-07-10 15:04:31'),
(56, 142, 167, '2024-07-12 12:41:30'),
(57, 149, 177, '2024-07-23 13:27:26'),
(58, 145, 168, '2024-07-23 13:34:36'),
(59, 143, 178, '2024-07-30 13:38:15'),
(61, 151, 171, '2024-08-08 14:31:36'),
(62, 151, 175, '2024-08-08 14:31:38'),
(63, 151, 180, '2024-08-08 14:31:41'),
(64, 151, 179, '2024-08-08 14:31:42');

-- --------------------------------------------------------

--
-- Table structure for table `users`
--

CREATE TABLE `users` (
  `id_user` int(11) NOT NULL,
  `firstname` varchar(255) NOT NULL,
  `lastname` varchar(255) NOT NULL,
  `email` varchar(255) NOT NULL,
  `password` varchar(255) NOT NULL,
  `address` text DEFAULT NULL,
  `contactno` varchar(255) DEFAULT NULL,
  `dob` varchar(255) DEFAULT NULL,
  `age` varchar(255) DEFAULT NULL,
  `resume` varchar(255) DEFAULT NULL,
  `hash` varchar(255) DEFAULT NULL,
  `active` int(11) NOT NULL DEFAULT 0,
  `aboutme` text DEFAULT NULL,
  `skills` text DEFAULT NULL,
  `date` datetime DEFAULT current_timestamp(),
  `education` text DEFAULT NULL,
  `experience` text DEFAULT NULL
) ENGINE=InnoDB DEFAULT CHARSET=latin1 COLLATE=latin1_swedish_ci;

--
-- Dumping data for table `users`
--

INSERT INTO `users` (`id_user`, `firstname`, `lastname`, `email`, `password`, `address`, `contactno`, `dob`, `age`, `resume`, `hash`, `active`, `aboutme`, `skills`, `date`, `education`, `experience`) VALUES
(140, 'Samantha', 'Perera', 'samantha.perera@gmail.com', 'MjNhOGM1Nzg4YTIzOWYwZTAxYTY1NTdiZDk2MzBlZTE=', '123 Galle Road, Colombo 03, Sri Lanka', '0712345678', '1999-03-14', '24', '66b0ed0c4612f.pdf', NULL, 1, 'Passionate software engineer with 2 years of experience in web development. Eager to grow and take on new challenges.', 'HTML, CSS, JavaScript, React, Node.js, Git', '2024-06-10 19:29:23', 'BSc in Computer Science', 'Junior Software Developer at Tech Solutions (2022-present)'),
(141, 'Rajitha', 'Fernando', 'rajitha.fernando@gmail.com', 'NmI2MTE5ZDZlMTk0ZTVkMTcyYzAzYmU0NjgxZmRlYWE=', '456 Kandy Road, Kandy, Sri Lanka', '0779876543', '1978-07-22', '46', '66b0efcae6096.pdf', NULL, 1, 'Highly experienced marketing professional with over 20 years in digital marketing, brand management, and strategic planning.', 'SEO, SEM, Google Analytics, Social Media Marketing, Brand Strategy', '2024-06-15 19:29:23', 'MBA in Marketing, Postgraduate Diploma in Digital Marketing', 'Marketing Manager at XYZ Corp (2016-present); Senior Marketing Consultant at Market Leaders (2008-2016)'),
(142, 'Chathurika', 'Gunawardena', 'chathurika.gunawardena@gmail.com', 'ODI3MzBmYmM1MzQ1NzQ2OTI0NDY1MjRhNjA3YTQzZjA=', '789 Jaffna Street, Jaffna, Sri Lanka', '0784561230', '1992-11-09', '32', '66b22a9c944d3.pdf', NULL, 1, ' Experienced educator with a focus on early childhood education and curriculum development. Additionally, I have extensive experience in writing educational materials and developing curricula. My background in English and Communications supports my ability to create clear, engaging content for both students and educators.', 'Teaching, Curriculum Development, Classroom Management, Student Assessment, Educational Writing\r\n', '2024-06-18 19:29:23', 'BA in Education, Diploma in Early Childhood Education, Bachelors Degree in English and Communications', 'Primary School Teacher at Bright Future School (2015-present); Curriculum Developer at EduCraft (2012-2015)'),
(143, 'Anil', 'Rajapaksa', 'anil.rajapaksa@gmail.com', 'Mjk1YjQ2NzcyZmQwYzAwYzVkMDYyOWZkZDU3OTQwOGU=', '101 Negombo Road, Negombo, Sri Lanka', '0716782345', '1985-04-05', '39', '66b0f1f0a9096.pdf', NULL, 1, 'Experienced project manager with a strong background in leading IT projects and managing cross-functional teams.', 'Project Management, Agile, Scrum, Budgeting, Risk Management', '2024-06-20 19:29:23', 'BSc in Information Technology, PMP Certification', 'Project Manager at Global Tech (2012-present); IT Project Lead at Innovate IT (2008-2012)'),
(144, 'Nimasha', 'Jayasinghe', 'nimasha.jayasinghe@gmail.com', 'OTIyMzYyNGMzYTYxNTFlOWRjMTBlN2UyZDI0OTdkMDg=', '202 Anuradhapura Road, Anuradhapura, Sri Lanka', '0776543210', '1998-09-17', '26', '66b0f2c66a34b.pdf', NULL, 1, 'Creative graphic designer with a passion for innovative design solutions and digital art.', 'Adobe Photoshop, Illustrator, InDesign, Graphic Design, UX/UI Design', '2024-06-28 19:29:23', 'Diploma in Graphic Design, BFA in Visual Arts', 'Graphic Designer at ArtWorks Studio (2020-present); Junior Graphic Designer at Creative Minds (2018-2020)'),
(145, 'Kumar', 'Wijesinghe', 'kumar.wijesinghe@gmail.com', 'Y2QzYWU1ZjJlMDEwYzVmZWUyZjU3MmRlZTI5NDFlYmM=', '303 Matara Road, Matara, Sri Lanka', '0712345679', '1983-02-11', '41', '66b0f4d12ea78.pdf', NULL, 1, 'Financial analyst with extensive experience in financial modeling, forecasting, and strategic planning.', 'Financial Analysis, Excel, Financial Reporting, Risk Assessment', '2024-07-01 19:29:23', 'BCom in Finance, CFA Level 1', 'Senior Financial Analyst at FinPro (2011-present); Financial Analyst at Capital Ventures (2007-2011)'),
(146, 'Priyanka', 'De Silva', 'priyanka.desilva@gmail.com', 'OTE2NzFmZDZlMWUzODM2OGNiZmVhZDAxZGYwNWQ5YTA=', '404 Kurunegala Road, Kurunegala, Sri Lanka', '0783214567', '1990-05-20', '34', '66b0f5b79a2d7.pdf', NULL, 1, 'Experienced HR professional specializing in talent acquisition and employee engagement.', 'Recruitment, HR Management, Employee Relations, Performance Management', '2024-07-04 19:29:23', 'BA in Human Resource Management, CIPD Certification', 'HR Manager at PeopleFirst (2016-present); HR Executive at HR Solutions (2012-2016)'),
(147, 'Dinesh', 'Mendis', 'dinesh.mendis@gmail.com', 'OWUyZjM3OWYzNzFlMmRhYjBiM2M2NTcxMmQ2NzAyN2U=', '505 Battaramulla Road, Battaramulla, Sri Lanka', '0773214567', '1989-08-30', '35', '66b0f5ff54bfc.pdf', NULL, 1, 'Data analyst with a focus on business intelligence and advanced data analysis techniques.', 'Data Analysis, SQL, Tableau, Business Intelligence, Data Visualization', '2024-07-09 19:29:23', 'BSc in Statistics, Certificate in Data Analytics', 'Data Analyst at InsightData (2015-present); Junior Data Analyst at DataCorp (2012-2015)'),
(148, 'Lalitha', 'Kumarasinghe', 'lalitha.kumarasinghe@gmail.com', 'M2RkYzAxNWMyNDc1YTFmMDM2ZTI4MjM5NTgwMTVlZjE=', '606 Ratnapura Road, Ratnapura, Sri Lanka', '0717894561', '1996-06-12', '28', '66b0f6464e55d.pdf', NULL, 1, 'Energetic sales executive with proven skills in sales strategy and client relationship management.', 'Sales Strategy, Client Relationship Management, Negotiation, Market Research', '2024-07-10 19:29:23', 'BBA in Sales and Marketing, Diploma in Sales Management', 'Sales Executive at SalesPro (2021-present); Sales Associate at Market Dynamics (2018-2021)'),
(149, 'Mahesh', 'Jayasuriya', 'mahesh.jayasuriya@gmail.com', 'MjA3OWFiM2Y4ZDE2NWUyOTAzNDg4OTgwMWMzZDkwODA=', '707 Colombo Road, Colombo, Sri Lanka', '0787654321', '1993-12-01', '30', '66b0f8745b1af.pdf', NULL, 1, 'IT support specialist with a background in system troubleshooting and network administration.', 'Network Administration, IT Support, System Troubleshooting, Help Desk Support', '2024-07-16 19:29:23', 'BSc in Information Systems, CompTIA A+ Certification', 'IT Support Specialist at TechHelp (2017-present); IT Technician at NetSolutions (2014-2017)'),
(150, 'Manusha', 'Koshala', 'manusha.koshala@gmail.com', 'NzRiMTAzNzRhZjcwMDNkNWM1NzRhZTM3MDdiNDcxOWI=', '35, Avinthu Mawatha, Gampaha', '0789734501', '1991-01-12', '33', '66b22a9c944d2.pdf', NULL, 0, NULL, NULL, '2024-07-20 00:42:13', NULL, NULL),
(151, 'Utheshini', 'Ananth', 'utheshini10@gmail.com', 'MWYwZTI4MjE0ODMzNjIwNGU2YmQ4YmEzM2Q5Njk5YTE=', '123, Galle Face Street, Colombo 01, Sri Lanka', '0750779966', '1996-10-10', '27', '66b6271c217b4.pdf', 'd7d2c8fccb3a31c6bf302d5321febe20', 1, 'Enthusiastic IT graduate with a Bachelors degree from UCSC, skilled in software development and web technologies. Eager to apply my technical expertise and problem-solving abilities to contribute to innovative projects.\r\n\r\n', 'Programming Languages: Proficient in Python, Java, C++, and PHP.\r\nWeb Development: Experience with HTML, CSS, JavaScript, and frameworks like Bootstrap.\r\n', '2024-08-08 19:57:36', 'Bachelor of Information Technology\r\nUniversity of Colombo School of Computing (UCSC), Sri Lanka\r\n2024', 'Recent IT graduate with a Bachelors degree from UCSC, skilled in software development and web technologies.');

--
-- Indexes for dumped tables
--

--
-- Indexes for table `admin`
--
ALTER TABLE `admin`
  ADD PRIMARY KEY (`id_admin`);

--
-- Indexes for table `apply_job_post`
--
ALTER TABLE `apply_job_post`
  ADD PRIMARY KEY (`id_apply`);

--
-- Indexes for table `company`
--
ALTER TABLE `company`
  ADD PRIMARY KEY (`id_company`),
  ADD UNIQUE KEY `email` (`email`);

--
-- Indexes for table `feedback`
--
ALTER TABLE `feedback`
  ADD PRIMARY KEY (`id`);

--
-- Indexes for table `job_post`
--
ALTER TABLE `job_post`
  ADD PRIMARY KEY (`id_jobpost`);

--
-- Indexes for table `mailbox`
--
ALTER TABLE `mailbox`
  ADD PRIMARY KEY (`id_mailbox`);

--
-- Indexes for table `reply_mailbox`
--
ALTER TABLE `reply_mailbox`
  ADD PRIMARY KEY (`id_reply`);

--
-- Indexes for table `saved_jobs`
--
ALTER TABLE `saved_jobs`
  ADD PRIMARY KEY (`id`),
  ADD KEY `user_id` (`user_id`),
  ADD KEY `job_id` (`job_id`);

--
-- Indexes for table `users`
--
ALTER TABLE `users`
  ADD PRIMARY KEY (`id_user`),
  ADD UNIQUE KEY `email` (`email`);

--
-- AUTO_INCREMENT for dumped tables
--

--
-- AUTO_INCREMENT for table `admin`
--
ALTER TABLE `admin`
  MODIFY `id_admin` int(11) NOT NULL AUTO_INCREMENT, AUTO_INCREMENT=2;

--
-- AUTO_INCREMENT for table `apply_job_post`
--
ALTER TABLE `apply_job_post`
  MODIFY `id_apply` int(11) NOT NULL AUTO_INCREMENT, AUTO_INCREMENT=61;

--
-- AUTO_INCREMENT for table `company`
--
ALTER TABLE `company`
  MODIFY `id_company` int(11) NOT NULL AUTO_INCREMENT, AUTO_INCREMENT=132;

--
-- AUTO_INCREMENT for table `feedback`
--
ALTER TABLE `feedback`
  MODIFY `id` int(11) NOT NULL AUTO_INCREMENT, AUTO_INCREMENT=16;

--
-- AUTO_INCREMENT for table `job_post`
--
ALTER TABLE `job_post`
  MODIFY `id_jobpost` int(11) NOT NULL AUTO_INCREMENT, AUTO_INCREMENT=186;

--
-- AUTO_INCREMENT for table `mailbox`
--
ALTER TABLE `mailbox`
  MODIFY `id_mailbox` int(11) NOT NULL AUTO_INCREMENT, AUTO_INCREMENT=39;

--
-- AUTO_INCREMENT for table `reply_mailbox`
--
ALTER TABLE `reply_mailbox`
  MODIFY `id_reply` int(11) NOT NULL AUTO_INCREMENT, AUTO_INCREMENT=111;

--
-- AUTO_INCREMENT for table `saved_jobs`
--
ALTER TABLE `saved_jobs`
  MODIFY `id` int(11) NOT NULL AUTO_INCREMENT, AUTO_INCREMENT=68;

--
-- AUTO_INCREMENT for table `users`
--
ALTER TABLE `users`
  MODIFY `id_user` int(11) NOT NULL AUTO_INCREMENT, AUTO_INCREMENT=155;

--
-- Constraints for dumped tables
--

--
-- Constraints for table `saved_jobs`
--
ALTER TABLE `saved_jobs`
  ADD CONSTRAINT `saved_jobs_ibfk_1` FOREIGN KEY (`user_id`) REFERENCES `users` (`id_user`),
  ADD CONSTRAINT `saved_jobs_ibfk_2` FOREIGN KEY (`job_id`) REFERENCES `job_post` (`id_jobpost`);
COMMIT;

/*!40101 SET CHARACTER_SET_CLIENT=@OLD_CHARACTER_SET_CLIENT */;
/*!40101 SET CHARACTER_SET_RESULTS=@OLD_CHARACTER_SET_RESULTS */;
/*!40101 SET COLLATION_CONNECTION=@OLD_COLLATION_CONNECTION */;
